0,DATE,D0,D1,D2,D3,D4,-9,W0,W1,W2,W3,W4
0,d_18950101,0,0,0,0,0,100,0,0,0,0,0
0,d_18950201,0,0,0,0,0,100,0,0,0,0,0
0,d_18950301,0,0,0,0,0,100,0,0,0,0,0
0,d_18950401,0,0,0,0,0,100,0,0,0,0,0
0,d_18950501,0,0,0,0,0,100,0,0,0,0,0
0,d_18950601,0,0,0,0,0,100,0,0,0,0,0
0,d_18950701,0,0,0,0,0,100,0,0,0,0,0
0,d_18950801,0,0,0,0,0,100,0,0,0,0,0
35.5,d_18950901,2.5,0.1,0,0,0,0,62,29.5,4.5,0.8,0
58.5,d_18951001,40.5,18.9,5.8,4.3,2.1,0,1,0,0,0,0
60.4,d_18951101,39.6,15.3,3.7,1.3,0,0,0.1,0,0,0,0
44.5,d_18951201,55.3,22.3,5.2,2.1,0,0,0.1,0,0,0,0
36.5,d_18960101,20.8,11.7,2.3,0.4,0,0,42.7,16.3,0,0,0
58.7,d_18960201,37.8,26.8,9.9,2.1,0.1,0,3.5,0,0,0,0
61,d_18960301,25.1,12.5,1.6,0.1,0,0,13.8,3.5,0,0,0
46.7,d_18960401,22.1,10.4,0.4,0,0,0,31.3,17.5,1.7,0,0
41.1,d_18960501,21.3,8.2,0.1,0,0,0,37.8,22.2,5.5,1.3,0
51.3,d_18960601,17.3,4.8,0,0,0,0,31.4,16.9,0,0,0
42.2,d_18960701,15.9,4.3,0.3,0,0,0,41.9,24.1,4,0,0
37.8,d_18960801,12.9,2.4,0,0,0,0,49.4,37.6,14.6,3,0
39.9,d_18960901,2.6,0,0,0,0,0,57.5,49,26.3,12.7,1.6
61.5,d_18961001,0,0,0,0,0,0,38.5,16,3.6,0.5,0
2,d_18961101,0,0,0,0,0,0,97.9,82,46.4,23.7,12.4
17,d_18961201,0,0,0,0,0,0,83,56.5,37.3,16.2,5.7
41.6,d_18970101,0,0,0,0,0,0,58.4,21.8,6.3,0.4,0
19.3,d_18970201,0,0,0,0,0,0,80.7,39.6,2.9,0,0
6.6,d_18970301,0,0,0,0,0,0,93.3,51.5,5.1,1.8,0
32.6,d_18970401,0,0,0,0,0,0,67.3,26.9,3.4,0.3,0
53.4,d_18970501,0,0,0,0,0,0,46.7,18.2,1,0,0
50.9,d_18970601,0,0,0,0,0,0,49.1,18.5,3.1,0,0
62.8,d_18970701,0,0,0,0,0,0,37.2,13.5,1.8,0,0
77.1,d_18970801,0,0,0,0,0,0,23,7.3,0,0,0
64.3,d_18970901,0,0,0,0,0,0,35.7,13.4,2.2,0,0
31.1,d_18971001,0.2,0,0,0,0,0,68.7,29.1,4.4,0.4,0
80.2,d_18971101,8.1,3,0,0,0,0,11.7,0.7,0,0,0
49.8,d_18971201,49.6,34,12.3,10,5.6,0,0.6,0,0,0,0
44.3,d_18980101,55.6,46.4,22.2,8.1,0,0,0.1,0,0,0,0
38.5,d_18980201,61.5,39.6,18.5,10.2,1.4,0,0,0,0,0,0
24.5,d_18980301,75.5,63.2,36.3,22.8,7.9,0,0,0,0,0,0
19.6,d_18980401,80.5,69,42.7,27.7,11.8,0,0,0,0,0,0
23.5,d_18980501,76.5,62.5,32.8,19.7,6.9,0,0,0,0,0,0
23.2,d_18980601,76.7,60.5,29.4,18.1,6.7,0,0,0,0,0,0
8.1,d_18980701,91.9,77.9,43.2,26.8,11,0,0,0,0,0,0
9.6,d_18980801,90.5,75.5,37.2,21.8,4.4,0,0,0,0,0,0
13.4,d_18980901,86.6,65.3,19.4,1.2,0,0,0,0,0,0,0
17.9,d_18981001,82.2,49.9,4,0.4,0,0,0,0,0,0,0
15.4,d_18981101,84.6,68.6,16.1,1.3,0,0,0,0,0,0,0
15.9,d_18981201,84.1,64.5,6.9,1.2,0,0,0,0,0,0,0
78.4,d_18990101,21.5,4.3,0,0,0,0,0.1,0,0,0,0
10.4,d_18990201,89.6,73.9,21.3,7.5,1.2,0,0,0,0,0,0
46.2,d_18990301,53.4,27.6,5.4,0.4,0,0,0.4,0,0,0,0
39.1,d_18990401,60.8,34.4,10.5,2.6,0,0,0.2,0,0,0,0
39.2,d_18990501,60.8,34.9,14.8,4.6,0.1,0,0,0,0,0,0
43.2,d_18990601,56.7,33.1,8.9,2.7,0,0,0,0,0,0,0
47.7,d_18990701,52.2,31.4,7,1.2,0,0,0,0,0,0,0
52.6,d_18990801,47,27.7,1.7,0,0,0,0.4,0,0,0,0
61.3,d_18990901,32.8,21.7,7.9,6.4,4.7,0,5.9,1.2,0.1,0,0
33,d_18991001,31.7,22.1,9.8,6,3.2,0,35.3,19.8,1.6,0.6,0
24.2,d_18991101,15.2,8.9,3.4,1.1,0,0,60.5,55.3,42.7,26.7,9.2
29.2,d_18991201,20.3,11.6,3.9,0.5,0,0,50.5,37.8,7.2,0.7,0
41.2,d_19000101,20.2,11.8,3.3,0.9,0,0,38.6,25,1,0,0
36.8,d_19000201,47.2,31.6,7.8,1.9,0,0,16.1,6,0,0,0
32.2,d_19000301,55.5,43.5,16.8,4.9,0,0,12.3,5.3,0,0,0
37.1,d_19000401,49.9,30.2,4.6,0,0,0,13,5.3,0,0,0
55.1,d_19000501,32.5,14.8,0,0,0,0,12.4,1.8,0,0,0
58.6,d_19000601,27.7,10.7,0,0,0,0,13.6,2.8,0,0,0
60.3,d_19000701,37,14.6,0.5,0,0,0,2.7,1,0,0,0
37.3,d_19000801,62.8,31.5,1.4,0,0,0,0,0,0,0,0
32.7,d_19000901,67.4,23.8,0,0,0,0,0,0,0,0,0
61.9,d_19001001,34,13.4,0.5,0.1,0,0,4.1,0.3,0,0,0
17.3,d_19001101,2.1,1.2,0.1,0,0,0,80.6,64.4,23,4,0
32,d_19001201,3,1.6,0.1,0,0,0,65.1,42.4,10.8,0.6,0
28.7,d_19010101,5.1,2.6,1.2,0.8,0.3,0,66.1,43.1,16.9,4.7,0
21.1,d_19010201,0,0,0,0,0,0,78.9,52.3,9.8,3.2,0.4
48.4,d_19010301,0,0,0,0,0,0,51.6,18.5,3,1.1,0
53.7,d_19010401,0,0,0,0,0,0,46.3,22.7,3.8,1.7,0
39.3,d_19010501,0,0,0,0,0,0,60.8,29.7,6.3,2.7,0.3
37.8,d_19010601,0,0,0,0,0,0,62.2,30.6,5.2,1.9,0
39.4,d_19010701,7.9,0.2,0,0,0,0,52.8,26.3,6.6,1,0
73.8,d_19010801,6.3,0,0,0,0,0,20,6.3,1.4,0.3,0
53.7,d_19010901,0,0,0,0,0,0,46.3,20.9,4.8,2.3,0.2
59.9,d_19011001,0.2,0,0,0,0,0,39.9,9.8,0,0,0
77,d_19011101,19.6,11.7,4.9,3.6,1.3,0,3.4,0,0,0,0
76.2,d_19011201,19.1,13.2,5.7,4.3,2.3,0,4.7,0,0,0,0
21.9,d_19020101,78.2,28.8,5.3,3.7,1.2,0,0,0,0,0,0
44.2,d_19020201,41,14.9,4.1,2.7,1.1,0,14.7,4.4,0,0,0
57,d_19020301,24.5,7.8,3.3,1.7,0.1,0,18.4,4,0,0,0
55.1,d_19020401,21.6,6.6,2.7,1.2,0,0,23.3,9.7,0,0,0
46.1,d_19020501,32,11.1,4.8,2.3,0.1,0,21.9,8.9,0.6,0,0
48.6,d_19020601,38.4,11,3.5,1.1,0,0,12.9,4.8,0,0,0
39.4,d_19020701,47.2,17.8,4,2.8,0.1,0,13.5,4.9,0.5,0,0
38.4,d_19020801,48.2,15.7,2.4,0.3,0,0,13.5,4.5,1,0,0
66,d_19020901,13.3,6.9,0.7,0,0,0,20.6,13.4,3.4,1.4,0
42.4,d_19021001,12.4,6.8,0.8,0.1,0,0,45.2,35.1,20.6,14.9,5.9
67,d_19021101,10.2,3.2,0,0,0,0,22.8,15.9,6.8,0.2,0
67,d_19021201,13,3.4,0.7,0,0,0,20,14,3.8,0,0
62.8,d_19030101,14.3,0.5,0,0,0,0,22.9,13,3.1,1.2,0
53.6,d_19030201,38.4,9.6,0,0,0,0,8,3.3,0.2,0,0
70.6,d_19030301,7.1,0.3,0,0,0,0,22.3,5.9,0.2,0,0
78.6,d_19030401,5.4,0.3,0,0,0,0,15.8,3.1,0,0,0
79.8,d_19030501,9.7,1.2,0,0,0,0,10.5,2.2,0,0,0
81.9,d_19030601,5.9,0.8,0,0,0,0,12.3,2.6,0,0,0
80.4,d_19030701,7.8,1.1,0,0,0,0,11.8,2.8,0,0,0
67.6,d_19030801,25.6,7.6,0.2,0,0,0,6.9,0.4,0,0,0
79.7,d_19030901,13.6,4.6,0,0,0,0,6.8,0.6,0,0,0
39.2,d_19031001,50,27.5,4.5,1.1,0.1,0,10.8,5,0,0,0
26.6,d_19031101,22.6,11.2,4.3,1.3,0.1,0,50.9,32.4,2.6,0,0
34,d_19031201,64.2,55.8,39.4,25.6,14.1,0,1.7,0,0,0,0
32.8,d_19040101,66.6,60.9,53.5,47.9,32.6,0,0.6,0.1,0,0,0
12.8,d_19040201,54.3,51.1,33.8,23.5,6.6,0,32.9,24.1,8.1,2.6,0
11.6,d_19040301,49.3,37.6,13.4,8.7,2.2,0,39.1,35.7,27.9,15.9,5.8
13.6,d_19040401,45.3,30.2,11.7,6.8,1.6,0,41.1,38.2,26.9,16.8,5.8
10.6,d_19040501,47.9,36.2,9.7,3.8,0,0,41.3,38.4,25.8,14.7,3.7
10.8,d_19040601,47.8,36.5,17.3,11.6,6.1,0,41.4,38.6,24.8,14.9,3.1
14.8,d_19040701,43.2,28.9,9.9,7,3.7,0,42,39.3,28.1,17,6.9
33.2,d_19040801,24.8,10.5,4.7,3.3,1.5,0,42.1,34.5,15.1,6.7,0
41.1,d_19040901,7.2,5.2,3,1.6,0.7,0,51.7,46.1,36.5,24.9,10.6
22.7,d_19041001,6.1,4.8,2.8,1.6,0.7,0,71.3,63.4,48.1,42.5,36
29.9,d_19041101,7.2,5.9,4.2,3.3,2,0,62.7,51.6,30.2,13.6,1.4
63.7,d_19041201,17,13.2,5.7,4.4,3.1,0,19.3,6.9,2.7,0.9,0
69.3,d_19050101,12.3,5.2,1.8,0.3,0,0,18.5,6.1,0,0,0
68.5,d_19050201,5.5,0.7,0,0,0,0,26,15.5,8.5,4.1,0
46.2,d_19050301,0.2,0,0,0,0,0,53.6,31,10.8,7.7,0.9
51.5,d_19050401,4.5,0.3,0,0,0,0,44,27.5,10.9,7.1,0.5
39.9,d_19050501,2,0,0,0,0,0,58.1,31.5,9.5,3.8,0.3
52.4,d_19050601,6.1,0,0,0,0,0,41.4,27.5,11.9,5,1
52.8,d_19050701,13,1.4,0,0,0,0,34.2,28.4,14.2,6.8,2.6
53.7,d_19050801,5,0.1,0,0,0,0,41.3,30.8,16.5,7.2,2
41.1,d_19050901,10.3,5.4,0.2,0,0,0,48.6,33.7,19.1,13.8,3.6
35,d_19051001,12.6,8.2,1.5,0,0,0,52.5,34.6,20.8,10.2,1.4
32.3,d_19051101,12.6,8.1,0.2,0,0,0,55.1,35.3,8.7,1.3,0
34.4,d_19051201,61.4,40.7,19.5,5.8,0,0,4.2,1.7,0,0,0
87.4,d_19060101,8.3,0.6,0,0,0,0,4.2,0.1,0,0,0
75.5,d_19060201,18.1,2.5,0,0,0,0,6.4,2.2,0,0,0
36.6,d_19060301,0,0,0,0,0,0,63.3,31.2,1.8,0,0
35.4,d_19060401,0,0,0,0,0,0,64.4,35,3.6,0.4,0
20.9,d_19060501,0,0,0,0,0,0,79.1,54.1,14.2,3,0
17.8,d_19060601,0,0,0,0,0,0,82.1,58,17.3,3,0
9.5,d_19060701,0,0,0,0,0,0,90.7,70.6,27.2,7.6,0.3
12.4,d_19060801,0,0,0,0,0,0,87.7,68.9,36.6,13,0.2
6.3,d_19060901,0,0,0,0,0,0,93.7,85.8,58.4,39.3,12.9
11,d_19061001,0,0,0,0,0,0,89.1,76.5,43.1,26.4,4.5
14.8,d_19061101,0,0,0,0,0,0,85.2,77.2,50.2,30.5,11.7
18.3,d_19061201,0,0,0,0,0,0,81.6,70.3,38,12.8,4.1
9.2,d_19070101,0,0,0,0,0,0,90.8,81.8,50.2,23.1,4.8
16,d_19070201,0.2,0,0,0,0,0,83.9,59.1,14.1,4.1,1.8
2.9,d_19070301,0,0,0,0,0,0,97.1,89.6,53,31.7,9.8
4.1,d_19070401,0,0,0,0,0,0,95.9,87.5,46.1,21.8,5
5.4,d_19070501,0,0,0,0,0,0,94.5,83.4,42.4,18,3.9
3.5,d_19070601,0,0,0,0,0,0,96.4,86.6,48.3,23.4,5.8
1.9,d_19070701,0,0,0,0,0,0,98.1,93.2,58,33.1,9.2
2.3,d_19070801,0,0,0,0,0,0,97.7,91.8,59,35.3,13.1
19.3,d_19070901,1.7,0.2,0,0,0,0,79,62.5,30.1,17.5,8.7
21.3,d_19071001,0,0,0,0,0,0,78.7,51.6,26,14.6,8.5
30.7,d_19071101,0,0,0,0,0,0,69.2,45.3,16.5,9.4,4.1
60.6,d_19071201,30.9,7.5,0,0,0,0,8.5,4.9,0.4,0,0
81.5,d_19080101,6.2,0.5,0,0,0,0,12.3,3.3,0,0,0
69.5,d_19080201,8.8,1.3,0,0,0,0,21.7,5.6,0,0,0
64.5,d_19080301,34.4,15.9,3.3,0.4,0,0,1.2,0,0,0,0
58.2,d_19080401,40.3,25.3,5.9,1.2,0,0,1.4,0,0,0,0
59.2,d_19080501,36.3,20,4.1,0.2,0,0,4.5,0.2,0,0,0
53.9,d_19080601,37.5,18.5,3.2,0,0,0,8.7,1.2,0,0,0
54.8,d_19080701,43.4,18,3.2,0,0,0,1.8,0,0,0,0
78.1,d_19080801,15.7,6.5,0,0,0,0,6.2,0.3,0,0,0
33.1,d_19080901,40.8,24.2,4,0.7,0,0,26.2,13.9,0.8,0,0
36.4,d_19081001,40.6,23.5,4.3,0.4,0,0,22.9,9.4,0,0,0
25.7,d_19081101,63,48,15.1,4.4,0,0,11.3,0.9,0,0,0
32.8,d_19081201,55.3,33,1.5,0.2,0,0,12,6.1,0.6,0,0
5.4,d_19090101,0,0,0,0,0,0,94.7,76.1,20.8,6.4,0
2.6,d_19090201,0,0,0,0,0,0,97.3,86.6,37.6,13.6,0.7
2.7,d_19090301,0,0,0,0,0,0,97.2,84.2,26.9,9.5,0.1
7.7,d_19090401,0,0,0,0,0,0,92.3,68.1,13.2,2.9,0
16.1,d_19090501,0,0,0,0,0,0,83.9,53,8.8,1.4,0
26,d_19090601,0,0,0,0,0,0,73.9,38.5,6.7,1.1,0
25.4,d_19090701,0,0,0,0,0,0,74.7,42.5,6.7,1.5,0
9.1,d_19090801,0,0,0,0,0,0,90.8,69.1,16.9,6.3,0
2.2,d_19090901,0,0,0,0,0,0,97.8,91.6,43.8,18.7,3.4
63.2,d_19091001,1.7,0.1,0,0,0,0,35.1,15.8,5,1.5,0
61.2,d_19091101,14.9,6.6,0.2,0,0,0,24,14.8,7.3,4.6,0.3
36.1,d_19091201,2.3,0,0,0,0,0,61.5,38.4,13.8,6.2,0.1
22.7,d_19100101,0.2,0,0,0,0,0,77,47,15.4,5.7,0
54.8,d_19100201,1.3,0.1,0,0,0,0,43.9,24.1,3.7,0,0
66.1,d_19100301,0.5,0,0,0,0,0,33.4,14,0.3,0,0
75.6,d_19100401,3.2,0,0,0,0,0,21.2,11.6,1.2,0,0
89,d_19100501,6.8,0.2,0,0,0,0,4.2,0.5,0,0,0
87.9,d_19100601,9,1.3,0,0,0,0,3,0.3,0,0,0
83.9,d_19100701,8.7,0.8,0,0,0,0,7.4,3.1,0,0,0
63.9,d_19100801,33.5,12,0.7,0,0,0,2.7,0.2,0,0,0
24,d_19100901,76,35.5,1.6,0.2,0,0,0,0,0,0,0
3.7,d_19101001,96.2,67.5,14.7,3.9,0.1,0,0,0,0,0,0
37.6,d_19101101,59.9,42,11.2,3,0.4,0,2.4,0.3,0,0,0
19,d_19101201,76.4,63.3,40,26.3,13.2,0,4.7,1.6,0.1,0,0
48.1,d_19110101,0.1,0,0,0,0,0,51.8,33.8,12.1,4.5,0
38.5,d_19110201,1,0,0,0,0,0,60.5,33.5,10.1,3.7,0
28.6,d_19110301,0.4,0,0,0,0,0,71,45,26.6,12.4,1.4
37.7,d_19110401,0,0,0,0,0,0,62.3,41.6,22.8,8.4,1
37.5,d_19110501,0,0,0,0,0,0,62.6,40.1,21.1,7,0.3
40.3,d_19110601,0,0,0,0,0,0,59.7,37.8,15.4,3.7,0
33.6,d_19110701,0,0,0,0,0,0,66.4,43.2,18.5,5.7,0
34.9,d_19110801,2.7,0.2,0,0,0,0,62.5,42.1,23.2,10,0
17.2,d_19110901,0.1,0,0,0,0,0,82.7,65.3,32.5,21.9,4.4
65.9,d_19111001,7.9,3.9,0,0,0,0,26.3,9.3,1.2,0,0
63.4,d_19111101,24.4,10.2,0.3,0,0,0,12.3,5.4,2.3,0.4,0
16.1,d_19111201,83.8,72.6,37.7,19.6,7.2,0,0,0,0,0,0
7.1,d_19120101,92.9,81.4,59,31.1,5.9,0,0,0,0,0,0
2.2,d_19120201,97.8,90.1,75.8,67,50.8,0,0,0,0,0,0
31.6,d_19120301,68.4,58.1,44.7,30.4,7.5,0,0,0,0,0,0
38.2,d_19120401,61.8,48.7,26.4,11.9,1.8,0,0,0,0,0,0
42.6,d_19120501,55.7,44.2,21.1,5.4,0.9,0,1.8,0,0,0,0
44.6,d_19120601,55.4,42.6,13.9,3,0.3,0,0,0,0,0,0
48.4,d_19120701,50.9,38.1,5.8,1.2,0,0,0.7,0,0,0,0
53.4,d_19120801,39.7,25.2,1.7,0.2,0,0,6.9,0.6,0,0,0
71.6,d_19120901,14.5,5,0.1,0,0,0,13.9,7,1.4,0,0
54.5,d_19121001,5.3,0.8,0,0,0,0,40.3,21.1,3.9,0.3,0
27.7,d_19121101,0.1,0,0,0,0,0,72.1,57.8,23.3,9.7,1.8
54.5,d_19121201,30.8,11.8,0.7,0,0,0,14.8,8,0.9,0,0
35.9,d_19130101,54.4,36.7,11.1,2.4,0.1,0,9.7,2.5,0,0,0
39.7,d_19130201,56.8,37.8,13.7,6.2,0.8,0,3.5,2.1,0.1,0,0
21.9,d_19130301,75.9,47.8,23,11.9,2,0,2.3,1.2,0,0,0
20.3,d_19130401,79.2,50.1,21.2,12.7,2.4,0,0.5,0,0,0,0
23.1,d_19130501,76.9,49.8,18.1,11.9,1.6,0,0,0,0,0,0
31.5,d_19130601,68,44.4,19.3,12.7,2.8,0,0.4,0,0,0,0
37.3,d_19130701,61.3,35.8,17.2,10.1,1.7,0,1.4,0.1,0,0,0
44.1,d_19130801,49.7,35.7,16,6.8,1,0,6.2,2.4,0,0,0
51.5,d_19130901,34.6,21.5,4.7,0.5,0,0,14,4.5,1.1,0.1,0
40.7,d_19131001,44,39.5,29.2,19.9,4.2,0,15.4,5.2,1.7,0.2,0
67.7,d_19131101,9.2,1.2,0,0,0,0,23.1,11.8,4.6,2.7,0.1
43,d_19131201,0.4,0,0,0,0,0,56.6,34.7,15.2,6.7,0.3
3.2,d_19140101,0.1,0,0,0,0,0,96.8,87.9,74.8,50.8,17.1
1.3,d_19140201,0.1,0,0,0,0,0,98.6,92.4,66.3,43.7,13.2
9.7,d_19140301,0,0,0,0,0,0,90.3,70.8,33.8,12.4,2.6
17.4,d_19140401,0,0,0,0,0,0,82.6,66.8,30.5,7.3,0.7
23.3,d_19140501,0,0,0,0,0,0,76.6,62.5,23.2,3.8,0
19.7,d_19140601,0,0,0,0,0,0,80.3,67.6,28.5,5.9,0
11.6,d_19140701,0,0,0,0,0,0,88.4,74.6,40.1,14.8,0.9
21.5,d_19140801,0.1,0,0,0,0,0,78.4,62.4,20.2,3.7,0
20,d_19140901,0,0,0,0,0,0,80,55.8,12.3,1.9,0.2
62.4,d_19141001,25.1,10.6,4,1.3,0,0,12.6,2.8,0,0,0
27.9,d_19141101,70.3,59.6,39.9,18.5,5.4,0,1.7,0,0,0,0
60.6,d_19141201,22.3,11.8,1.2,0,0,0,17.1,5.1,0,0,0
42.3,d_19150101,16.8,6.5,0.9,0,0,0,40.9,19.7,8.5,4,0
24.7,d_19150201,2.8,0.3,0,0,0,0,72.5,57.6,25.5,7.8,0
34,d_19150301,6.6,2.3,0,0,0,0,59.5,39.1,10,0.3,0
32.2,d_19150401,5.7,1.2,0,0,0,0,62.1,43.8,12.5,2.5,0
27.3,d_19150501,0.9,0,0,0,0,0,71.9,57.8,20.7,9.2,0.2
26.9,d_19150601,2.2,0,0,0,0,0,70.9,57.9,21.8,10.8,0.3
23.3,d_19150701,4.6,0.6,0,0,0,0,72.1,60.3,23.6,11.7,0.5
17.2,d_19150801,1,0,0,0,0,0,81.9,70.5,38.8,17.7,1.2
14.7,d_19150901,0,0,0,0,0,0,85.3,68.5,29.4,10.3,0
37.9,d_19151001,0.8,0,0,0,0,0,61.3,35.9,6.6,1.2,0
56.9,d_19151101,41.2,11.5,1.2,0.1,0,0,1.9,0.1,0,0,0
68.8,d_19151201,12.5,4.9,0.3,0,0,0,18.7,6.1,0.1,0,0
7.6,d_19160101,0,0,0,0,0,0,92.4,78.7,46.5,23.1,7.1
29.7,d_19160201,0,0,0,0,0,0,70.4,46.8,10.9,4,0
30.8,d_19160301,0,0,0,0,0,0,69.3,33.8,5.5,0.2,0
44.1,d_19160401,0.2,0,0,0,0,0,55.6,22,2.2,0,0
46.1,d_19160501,0.2,0,0,0,0,0,53.6,19.9,1.4,0,0
43,d_19160601,0,0,0,0,0,0,56.9,21.9,1.7,0,0
28,d_19160701,0,0,0,0,0,0,72,38.9,8.2,1.2,0
21,d_19160801,0,0,0,0,0,0,79.1,55.7,14.1,2.2,0
17,d_19160901,0,0,0,0,0,0,83,57.6,14.4,3.6,0.3
61.1,d_19161001,33.9,16.1,1.7,0.2,0,0,4.8,1.1,0,0,0
48,d_19161101,45,29.8,8.7,1.3,0,0,7,2.9,0,0,0
48,d_19161201,27.5,14.4,0.8,0,0,0,24.5,12.9,2.7,0.1,0
36.1,d_19170101,31.1,15.6,0,0,0,0,32.6,14.2,1.6,0,0
57.3,d_19170201,14.3,1.2,0,0,0,0,28.4,8,0.2,0,0
67.8,d_19170301,24.4,12.2,0.1,0,0,0,7.8,1.4,0,0,0
68.3,d_19170401,26.4,11.5,0,0,0,0,5.2,0.2,0,0,0
70.5,d_19170501,25.9,14,0.1,0,0,0,3.6,0.1,0,0,0
69.7,d_19170601,28.5,15.5,0.2,0,0,0,1.8,0,0,0,0
59.6,d_19170701,36.3,14.8,0.2,0,0,0,4,1.2,0,0,0
66.8,d_19170801,23.4,6.1,0,0,0,0,9.9,2.8,0,0,0
46.9,d_19170901,45.7,18.7,0.4,0,0,0,7.4,1.6,0,0,0
48.4,d_19171001,50.8,24.6,5.6,2,0.1,0,0.8,0,0,0,0
16.6,d_19171101,82,72.5,52.8,37.6,14.3,0,1.4,0,0,0,0
16,d_19171201,84,78.5,58,42.2,23.1,0,0,0,0,0,0
9.9,d_19180101,90.1,85.1,74.8,66,49.2,0,0,0,0,0,0
18.8,d_19180201,81.1,68.7,38.2,18.6,1.5,0,0,0,0,0,0
50,d_19180301,43.3,30.9,11.1,1.4,0,0,6.9,2.7,0,0,0
43.6,d_19180401,51.6,36.9,12.4,2.1,0,0,4.8,0.6,0,0,0
40.2,d_19180501,56.6,42,18.6,5.1,0,0,3.2,0.3,0,0,0
43.5,d_19180601,52.4,39.2,20.1,6.6,0,0,4.2,0.4,0,0,0
44.3,d_19180701,43.9,30.5,10.6,0.8,0,0,11.7,3.2,0,0,0
48.4,d_19180801,37.5,27.5,8.6,1.6,0,0,14.2,3,0,0,0
40.6,d_19180901,15,6.4,0,0,0,0,44.3,23.2,3.8,0.5,0
29.1,d_19181001,2.1,0.2,0,0,0,0,68.7,55.7,26.6,10.4,1.1
31.3,d_19181101,6.1,1.7,0,0,0,0,62.6,44.8,20.9,10.7,4.2
46.4,d_19181201,36.9,21.2,1.9,0.4,0,0,16.9,12.2,7,3.1,0.6
45.9,d_19190101,42.5,17.2,0.8,0,0,0,11.6,8.4,3.2,1,0.1
87.4,d_19190201,2.1,0.1,0,0,0,0,10.4,4.7,0.7,0.1,0
84.3,d_19190301,2.2,0,0,0,0,0,13.4,4.6,0.6,0,0
83.9,d_19190401,7,0.4,0,0,0,0,9,1.5,0,0,0
82.2,d_19190501,11.7,1.1,0,0,0,0,6,2,0,0,0
62.9,d_19190601,36.1,8.5,0,0,0,0,1,0,0,0,0
63.1,d_19190701,32.8,9.9,0,0,0,0,4.1,1,0,0,0
49.8,d_19190801,45.7,12.6,0.1,0,0,0,4.4,1.2,0,0,0
73,d_19190901,13.9,0.1,0,0,0,0,13.2,4.1,0.4,0,0
79,d_19191001,1.1,0,0,0,0,0,19.9,5.6,0,0,0
26,d_19191101,58,52.1,36.4,22.2,3.2,0,16.2,11.5,4.5,1.1,0
21.9,d_19191201,67.3,57.5,24.5,9.7,0.4,0,10.9,6.9,1.6,0,0
17.3,d_19200101,71.8,62.4,46.8,35.4,14.8,0,10.9,9.2,4.3,1.3,0
20.1,d_19200201,66.2,58.3,44.8,39.1,28,0,13.7,11.6,8.2,5.9,1.2
31.3,d_19200301,49.5,42.1,29.4,20.6,8.4,0,19.3,12.8,8.3,4.3,0
36.3,d_19200401,49.2,37.3,20.3,10.5,0,0,14.6,10.6,6.2,2.6,0
29.5,d_19200501,52.3,41.9,26.2,15,0,0,18.1,11.8,6.8,3.5,0.1
27.8,d_19200601,55.2,43,27.9,16,0,0,17,10.8,5,1.3,0
31.1,d_19200701,52.1,39.3,22.8,6.9,0,0,17,11.8,5.1,2.1,0
45.1,d_19200801,35.8,27,5.3,0.5,0,0,19.2,13,1.3,0,0
38.4,d_19200901,38,29.7,13.1,0.7,0,0,23.5,12.5,4.3,2.3,0
47.2,d_19201001,2.5,0,0,0,0,0,50.2,30.8,4.2,0.6,0
29.4,d_19201101,1.9,0.4,0,0,0,0,68.8,53.4,17.7,3,0
28.1,d_19201201,24,12.6,0.7,0,0,0,48,40.8,20.7,9.3,2.9
45.3,d_19210101,1,0,0,0,0,0,53.8,45.3,21,7.1,1
42,d_19210201,15.9,0.9,0,0,0,0,42.2,34.2,12.3,3.6,0.3
46.4,d_19210301,18.4,4.2,0,0,0,0,35.2,27.2,4.5,1.1,0
46.9,d_19210401,22.6,8.4,0.1,0,0,0,30.5,17.2,1.4,0,0
55.3,d_19210501,13.2,0.8,0,0,0,0,31.4,17.6,1.3,0,0
57.5,d_19210601,10.6,0.2,0,0,0,0,31.8,16.1,1.1,0,0
56.9,d_19210701,16.4,1.3,0,0,0,0,26.7,10.4,0.1,0,0
86.1,d_19210801,6.6,0.9,0,0,0,0,7.2,3.1,0.1,0,0
75.1,d_19210901,11.9,0.8,0,0,0,0,13,9.4,3.4,0.6,0
27.9,d_19211001,58.8,40.7,16.4,2.7,0,0,13.4,11.1,4.4,2.3,0.2
22,d_19211101,61.2,46.8,13,2.7,0.1,0,16.9,13.4,8.1,4.5,2
29.5,d_19211201,15.4,6,0,0,0,0,55,47.6,32.6,25.6,16
20.5,d_19220101,22.3,14.2,1.8,0,0,0,57.2,53.7,37.5,29.7,16.4
27,d_19220201,12.4,5.7,0,0,0,0,60.5,49.3,30.2,16.9,3.7
28.8,d_19220301,12.9,4.3,0,0,0,0,58.3,47.9,24,13.3,1.7
29.9,d_19220401,16.7,7.3,0,0,0,0,53.4,43.1,20.8,10.4,0.9
30.3,d_19220501,15.3,7.8,0,0,0,0,54.4,44.9,19.4,8.4,0.4
31.9,d_19220601,13.1,5.6,0,0,0,0,55.1,43.4,17.6,5,0
28.2,d_19220701,11.3,5.2,0,0,0,0,60.5,47.7,20,6.2,0.4
20.6,d_19220801,10.7,4.7,0,0,0,0,68.6,57,30,13.4,2.4
54.8,d_19220901,14.5,7.3,0,0,0,0,30.8,11.7,2,0.1,0
66.7,d_19221001,1.2,0.2,0,0,0,0,32.1,7.9,0.1,0,0
70.3,d_19221101,12.1,4,0.8,0,0,0,17.5,8.2,1.3,0,0
46,d_19221201,1.2,0,0,0,0,0,52.8,26.4,3.1,0.7,0
60.2,d_19230101,1.9,0,0,0,0,0,37.9,18.6,0.7,0,0
77.9,d_19230201,15.4,5.3,0,0,0,0,6.7,1.1,0,0,0
47.8,d_19230301,51.1,25,5.1,0,0,0,1.1,0,0,0,0
71.1,d_19230401,26,11.8,1,0,0,0,3,0,0,0,0
59.6,d_19230501,39.5,15.6,1.3,0,0,0,1,0,0,0,0
67.8,d_19230601,30.7,10.7,0.1,0,0,0,1.5,0,0,0,0
70.6,d_19230701,27.9,11,1,0,0,0,1.5,0,0,0,0
64.9,d_19230801,35,10.7,0,0,0,0,0.1,0,0,0,0
39.8,d_19230901,60.2,34.8,6.1,1.5,0,0,0,0,0,0,0
40.1,d_19231001,59.3,29.6,1.3,0,0,0,0.5,0,0,0,0
41.1,d_19231101,45.3,20.6,0.1,0,0,0,13.7,8,0.5,0,0
55.9,d_19231201,26.5,4.7,0,0,0,0,17.6,12.5,3.7,0.1,0
16.2,d_19240101,76.2,67.7,43.6,16.8,2.2,0,7.5,4.3,0,0,0
14.6,d_19240201,81.5,76.5,59.4,35.5,13.3,0,3.7,0.4,0,0,0
16.8,d_19240301,80.6,74,56.4,39,8.9,0,2.7,0,0,0,0
20.9,d_19240401,76.3,69.7,57.9,44.3,16.2,0,2.8,0,0,0,0
19,d_19240501,77.9,71.5,64.3,55,29.7,0,3.2,0.1,0,0,0
16.4,d_19240601,83,73.7,66.1,59.6,46.2,0,0.6,0,0,0,0
12.4,d_19240701,86.8,76.3,69.1,60.3,45.5,0,0.8,0,0,0,0
6.7,d_19240801,93.4,87.5,70.1,54.3,33.4,0,0,0,0,0,0
1.7,d_19240901,98.3,88.6,61.4,41.9,26.6,0,0,0,0,0,0
23.3,d_19241001,76.8,52.1,18.7,7.1,1.7,0,0,0,0,0,0
45.3,d_19241101,51,29.9,9.9,3.3,0.5,0,3.6,0.5,0,0,0
57.1,d_19241201,41.6,21.3,2.8,0.9,0.3,0,1.3,0,0,0,0
34.5,d_19250101,64.9,53.7,25.7,11.8,1.4,0,0.5,0.1,0,0,0
30.9,d_19250201,50.1,44.6,33.8,21.2,4.7,0,19.1,5,0,0,0
39.5,d_19250301,48,43.4,21.8,6.2,0,0,12.5,0.4,0,0,0
36.1,d_19250401,43.3,29.5,2.5,0.3,0,0,20.6,5.5,0,0,0
35.5,d_19250501,38.8,22,1,0,0,0,25.6,10.7,0,0,0
42.7,d_19250601,29.4,11.6,0.3,0,0,0,27.9,13.5,0,0,0
55.9,d_19250701,29.9,12.4,0.5,0,0,0,14.2,0.7,0,0,0
58.4,d_19250801,20.9,7.7,0.5,0,0,0,20.7,5.3,0,0,0
54.8,d_19250901,21.3,10.4,2.7,0.6,0,0,24,8.9,0.4,0,0
45.4,d_19251001,0.1,0,0,0,0,0,54.4,33.2,7.1,1,0
58.2,d_19251101,0.5,0,0,0,0,0,41.3,15.1,0.6,0,0
76.1,d_19251201,2.7,0,0,0,0,0,21.3,6.3,0.4,0,0
61.3,d_19260101,35.6,10.8,0.2,0,0,0,3.1,0,0,0,0
73.9,d_19260201,24.5,6.4,0,0,0,0,1.5,0,0,0,0
30.4,d_19260301,69.6,44,5.9,0.4,0,0,0,0,0,0,0
68.1,d_19260401,30.2,10.6,0.1,0,0,0,1.7,0.3,0,0,0
56.3,d_19260501,41.1,18.5,0.2,0,0,0,2.6,0.1,0,0,0
51.8,d_19260601,43,21.7,5,0.7,0,0,5.3,0.2,0,0,0
54.2,d_19260701,45.4,19.6,2.8,0.3,0,0,0.4,0,0,0,0
61.9,d_19260801,37,15.3,4.7,0.8,0,0,1,0,0,0,0
75.2,d_19260901,17.5,8.3,3.2,1.7,0.1,0,7.2,1.3,0,0,0
76.2,d_19261001,10.7,5.7,3,1.8,0.5,0,13.2,3.4,0.4,0,0
27.8,d_19261101,0.6,0.1,0,0,0,0,71.6,46.9,9.4,1.7,0
9.8,d_19261201,0,0,0,0,0,0,90.3,76.2,35.5,9.2,1.2
66.3,d_19270101,2.8,0.5,0,0,0,0,31,15.5,2.2,0.4,0
17.6,d_19270201,0,0,0,0,0,0,82.3,54.5,17.2,7.4,0.8
30.2,d_19270301,0,0,0,0,0,0,69.9,38.6,13.8,5.5,0.2
29.1,d_19270401,0,0,0,0,0,0,70.9,40.1,14.5,6.1,0.1
33.6,d_19270501,0.3,0,0,0,0,0,66.1,38.7,14.8,5.9,0.4
29.2,d_19270601,0,0,0,0,0,0,70.7,44.4,14.9,6.3,0.6
26,d_19270701,0,0,0,0,0,0,74,43.9,16,8.4,3.5
71.4,d_19270801,2.8,0.7,0,0,0,0,25.8,17.9,9.2,6.4,2.1
66.7,d_19270901,0.8,0,0,0,0,0,32.5,14.3,2.4,0.4,0
19.4,d_19271001,0,0,0,0,0,0,80.6,40.4,11.1,6.8,2.9
76.4,d_19271101,2.8,0,0,0,0,0,20.8,5.4,0,0,0
68.1,d_19271201,1.6,0,0,0,0,0,30.3,12.7,4.7,0.6,0
60.7,d_19280101,29.9,8.7,0.3,0,0,0,9.3,5.1,0,0,0
50.3,d_19280201,43,16.4,1.3,0,0,0,6.7,3.6,0,0,0
66.5,d_19280301,28.3,8.8,0.7,0,0,0,5.2,1.1,0,0,0
63.1,d_19280401,34.6,16.8,1.8,0,0,0,2.2,0.3,0,0,0
63.4,d_19280501,30.9,9.9,0,0,0,0,5.7,0.9,0,0,0
65,d_19280601,28,9.9,0,0,0,0,7.1,2.3,0,0,0
51.4,d_19280701,46.6,30.5,5,1.1,0,0,2,0.1,0,0,0
29.8,d_19280801,69.7,34.9,8.6,2,0,0,0.4,0,0,0,0
27.3,d_19280901,72.7,49.6,19,9.4,1.8,0,0,0,0,0,0
49.7,d_19281001,50.3,30.6,12.1,7.3,1.4,0,0,0,0,0,0
60.4,d_19281101,36.3,24.5,13.9,11.6,8.8,0,3.3,0,0,0,0
59.2,d_19281201,40.8,28.2,14.2,8.7,3,0,0.1,0,0,0,0
32.7,d_19290101,67.3,54.2,19.8,9.9,2.6,0,0,0,0,0,0
8.5,d_19290201,91.5,72.4,29.2,14.3,4.2,0,0,0,0,0,0
5.2,d_19290301,94.7,77.8,39.8,14.7,5,0,0,0,0,0,0
11.7,d_19290401,88.3,69,25.5,8.4,2.6,0,0,0,0,0,0
11.2,d_19290501,88.7,75.1,34.4,7.1,1.7,0,0,0,0,0,0
16.3,d_19290601,83.6,60.2,12.5,2.6,1.4,0,0,0,0,0,0
20.5,d_19290701,79.6,49.4,9.7,2.9,1.8,0,0,0,0,0,0
21.2,d_19290801,78.8,57.6,17.4,1.9,0,0,0,0,0,0,0
26.9,d_19290901,72.5,56.7,27.5,15.9,2.1,0,0.6,0,0,0,0
27.3,d_19291001,71.2,53.8,18.2,9.1,2.2,0,1.4,0,0,0,0
21.3,d_19291101,76.3,65.4,46.4,34.2,17.3,0,2.3,0.7,0,0,0
28,d_19291201,69.5,52.1,31,20.4,8.5,0,2.5,0,0,0,0
40.7,d_19300101,53.6,31,6.6,0.2,0,0,5.7,1.7,0,0,0
48.8,d_19300201,47.8,25.8,2.5,0.8,0,0,3.3,0.3,0,0,0
36,d_19300301,59.8,31.8,1.9,0,0,0,4.2,0.9,0,0,0
40,d_19300401,55.5,26.9,3,0.3,0,0,4.6,1.4,0,0,0
44.5,d_19300501,50.9,25.5,0.9,0,0,0,4.7,1.1,0,0,0
48.4,d_19300601,51.2,23.4,0.7,0,0,0,0.5,0,0,0,0
59,d_19300701,39.6,13.3,0,0,0,0,1.4,0.1,0,0,0
79.3,d_19300801,10.3,0.8,0,0,0,0,10.4,1.8,0,0,0
76.1,d_19300901,10.9,1.5,0,0,0,0,13,4.1,0,0,0
70.7,d_19301001,28.1,11.7,0.4,0,0,0,1.2,0,0,0,0
53.1,d_19301101,34.3,19.3,4.7,0,0,0,12.6,5.2,0.2,0,0
17.2,d_19301201,82.8,69.2,36.4,8.7,0,0,0,0,0,0,0
27.7,d_19310101,72,55.8,20.4,7.2,0.5,0,0.3,0,0,0,0
33.2,d_19310201,65.9,57.4,41.2,19.1,2.5,0,1,0,0,0,0
17.4,d_19310301,82.4,70.3,51.6,23.7,2.1,0,0,0,0,0,0
23.5,d_19310401,74.2,64,46.2,25.5,2.8,0,2.3,0,0,0,0
24.4,d_19310501,72.1,61.7,43.3,22.4,2.6,0,3.5,0.8,0,0,0
28.5,d_19310601,66.3,57.4,38.7,16.5,3.9,0,5.2,2.3,0,0,0
30.2,d_19310701,64.6,54.4,31.2,11.7,1.9,0,5.3,2.1,0,0,0
26.3,d_19310801,61.1,52.3,30.9,10.7,2.7,0,12.6,9,3,0,0
35.4,d_19310901,44.4,29.3,6.9,3,0.8,0,20.2,13.6,6.4,2.7,0
21.8,d_19311001,53.3,40.5,3.8,0,0,0,25,16.4,11.5,6.1,0.6
35.8,d_19311101,34.1,12.6,0.8,0,0,0,30.1,21.8,4,0.3,0
14.7,d_19311201,0.2,0,0,0,0,0,85.1,72.2,49.5,27.4,3.7
28.5,d_19320101,0.1,0,0,0,0,0,71.4,56.5,16.2,2.6,0
29.6,d_19320201,2.7,0,0,0,0,0,67.8,59.4,31.7,10.7,0.7
33.9,d_19320301,13.4,4.3,0,0,0,0,52.8,36.4,7.3,1.2,0
39.8,d_19320401,10.8,2.1,0,0,0,0,49.3,29.8,7.9,1.2,0
50.1,d_19320501,7.7,0.7,0,0,0,0,42.2,18.2,1.9,0,0
49.8,d_19320601,7,0.4,0,0,0,0,43.2,20.2,1.9,0,0
45.9,d_19320701,8.2,1.3,0,0,0,0,46,25.6,1.3,0,0
62.1,d_19320801,6.1,0.9,0,0,0,0,31.8,9,0.1,0,0
50.2,d_19320901,44.5,31.6,16.8,7,0,0,5.3,0.2,0,0,0
25.7,d_19321001,54.5,42.2,23.3,12.3,2.5,0,19.8,13.7,0.6,0,0
13.2,d_19321101,86.6,79.2,60.3,45.9,27.4,0,0.2,0,0,0,0
20.9,d_19321201,72.8,59.6,26.5,8.2,1.5,0,6.3,1,0,0,0
42.7,d_19330101,29.8,15.3,4.6,3,1.2,0,27.7,10.3,1.1,0,0
41.4,d_19330201,53.6,45.6,23.3,11.4,4.5,0,5.1,0.4,0,0,0
31.9,d_19330301,67.2,48.7,18.1,7.1,3.7,0,0.7,0,0,0,0
26.4,d_19330401,71.1,53.8,27.2,10.8,2.1,0,2.5,0,0,0,0
30.6,d_19330501,63.9,49.1,18.5,6.8,1,0,5.3,1.9,0,0,0
30.4,d_19330601,63.8,49.5,15.7,5.1,0.7,0,5.8,2.8,0,0,0
34.9,d_19330701,63.6,42.5,8.4,1.5,0.1,0,1.5,0.2,0,0,0
51.6,d_19330801,47.4,21.8,2.2,0.5,0,0,1,0.3,0,0,0
56.5,d_19330901,42.5,18.8,3.2,0.5,0,0,0.9,0.4,0,0,0
10.6,d_19331001,89.1,76.6,48.6,25.2,3.1,0,0.4,0.1,0,0,0
7.6,d_19331101,92.5,78.8,40.1,24,4.3,0,0,0,0,0,0
61.5,d_19331201,33,19.9,6.9,2.1,0.1,0,5.5,2.1,0,0,0
46.6,d_19340101,49.1,29.2,11.3,6.8,3.3,0,4.3,1.2,0,0,0
33.7,d_19340201,65.4,39.9,14.5,8.8,4.1,0,0.9,0.1,0,0,0
11.5,d_19340301,88.5,70.9,30,15.6,5.5,0,0,0,0,0,0
7.3,d_19340401,92.8,79.3,37,21.5,8.3,0,0,0,0,0,0
5.3,d_19340501,94.6,79.9,38.3,22.4,8.6,0,0,0,0,0,0
12.4,d_19340601,87.6,69.4,26.8,15.8,3.9,0,0,0,0,0,0
10.6,d_19340701,89.4,73.1,29.3,16.5,4.5,0,0,0,0,0,0
34.9,d_19340801,65,36.3,10,3.3,0.5,0,0,0,0,0,0
4.2,d_19340901,95.8,82.2,22.7,5,0.2,0,0,0,0,0,0
42.6,d_19341001,57.2,24.8,4.4,0.7,0,0,0.1,0,0,0,0
62.3,d_19341101,32.5,14.2,3.3,1.3,0.2,0,5.2,0.1,0,0,0
66.2,d_19341201,3.1,0.1,0,0,0,0,30.6,15.4,2.2,0.1,0
46,d_19350101,0,0,0,0,0,0,53.9,32.7,7.2,2.1,0.1
53.7,d_19350201,0.9,0,0,0,0,0,45.4,31,7.4,1.2,0
55.4,d_19350301,1.8,0.3,0,0,0,0,42.8,23.5,4.1,0.4,0
30.9,d_19350401,0,0,0,0,0,0,69.2,40.9,6.3,2.2,0
36.9,d_19350501,0.1,0,0,0,0,0,63,33.5,5.3,1.2,0
37.8,d_19350601,0.1,0,0,0,0,0,62.1,36,5.8,1.3,0
42.8,d_19350701,0.7,0.2,0,0,0,0,56.7,27.1,5.5,0.7,0
45.7,d_19350801,6.6,0.7,0,0,0,0,47.7,23.1,2.6,0,0
46.6,d_19350901,2.8,0.2,0,0,0,0,50.5,18.7,1.7,0,0
65.7,d_19351001,2.9,1.6,0.1,0,0,0,31.4,11.4,0.7,0,0
57.6,d_19351101,13,5.1,2.2,1.6,0.5,0,29.3,10.2,0.7,0,0
78.3,d_19351201,14,5.1,1.1,0.4,0,0,7.8,1.2,0,0,0
43.4,d_19360101,56.3,40.9,14.4,6.7,0.8,0,0.3,0,0,0,0
60.3,d_19360201,6.7,2.7,1.2,0.7,0.2,0,32.9,16.6,2.1,0,0
70.6,d_19360301,8.7,4.4,1.6,0.9,0.3,0,20.8,9,0,0,0
70,d_19360401,11.3,5,1.6,0.9,0.3,0,18.7,6.5,0,0,0
68,d_19360501,17.6,6.9,1.5,0.8,0.3,0,14.4,2.7,0,0,0
62.2,d_19360601,17.6,8.1,1.4,0.7,0.2,0,20.3,5.5,0,0,0
72.7,d_19360701,5.6,2,0.3,0,0,0,21.7,7.9,0.1,0,0
59.4,d_19360801,0.5,0,0,0,0,0,40.1,17.4,1,0,0
42.1,d_19360901,2.9,0,0,0,0,0,55,28.7,4.3,0.1,0
21.8,d_19361001,11.2,5.1,0,0,0,0,66.9,57.5,22.2,8,0.6
34.3,d_19361101,51.4,41.9,30.3,21.9,12.5,0,14.4,8.3,0.9,0,0
16.8,d_19361201,33,29,20.5,12.6,3.7,0,50.2,43.8,26.3,13,1.3
19.4,d_19370101,31.9,26.9,19.7,13.2,3,0,48.7,39.1,18.2,6,0
22.4,d_19370201,22,16.4,6.6,3,0.8,0,55.7,47.6,29.1,11.7,0.6
18.7,d_19370301,18.2,11.9,3.9,1.6,0.4,0,63.2,54.2,32.9,15.3,2.5
23.7,d_19370401,17.8,8.4,1.9,0.3,0,0,58.5,46.5,20,9.5,1.3
22.8,d_19370501,20.6,10,3,1.1,0.1,0,56.7,42,16.2,8.6,1.3
28.4,d_19370601,13.1,4.1,1.6,0.3,0,0,58.4,43.7,17.5,9.4,1.6
40.1,d_19370701,5.5,2.3,0.1,0,0,0,54.4,30.9,11.4,4.2,0
37.3,d_19370801,3.1,0.8,0,0,0,0,59.6,46.3,14.8,5.6,0.2
44,d_19370901,4.4,2,0.4,0,0,0,51.5,22.1,0.4,0,0
31.7,d_19371001,5.9,2.4,0.7,0.1,0,0,62.4,41.5,5.1,0.1,0
41.4,d_19371101,24.5,15.1,5.5,2.4,0.1,0,34,27.5,16.4,9.3,2.4
31.1,d_19371201,38.7,27.9,8.5,1.7,0,0,30.2,25.6,16.3,6.1,0.1
38.1,d_19380101,33.8,23,10.9,3.5,1.7,0,28.2,23.9,3.9,0,0
26.4,d_19380201,11.7,5.1,0,0,0,0,61.9,54.1,29.2,15.1,1.4
15.7,d_19380301,0,0,0,0,0,0,84.4,78.9,57.6,35.7,9.8
14.4,d_19380401,1.4,0,0,0,0,0,84.2,79.2,56.9,35.8,6.6
12.9,d_19380501,0,0,0,0,0,0,87,81.7,55.8,32.8,3.5
12.4,d_19380601,0,0,0,0,0,0,87.5,82.7,57.5,34.7,5.1
10.3,d_19380701,0,0,0,0,0,0,89.8,85.6,64.7,38.5,7.7
10.4,d_19380801,0,0,0,0,0,0,89.6,86.5,58.3,30.2,9.5
9.9,d_19380901,0,0,0,0,0,0,90.1,84.3,53.2,26.6,2.9
6.1,d_19381001,0,0,0,0,0,0,93.8,89,79.7,58.6,21.4
24.7,d_19381101,0.3,0,0,0,0,0,75.1,56.5,25.5,10.2,1.6
40.1,d_19381201,38,26.5,7.1,2,0,0,21.9,11.4,2.9,0.2,0
26.9,d_19390101,49.8,36.1,14.8,3.5,0,0,23.3,8.5,2.1,0.2,0
34.8,d_19390201,55,41.1,19.2,12.2,2.3,0,10.2,3.2,0.4,0,0
39,d_19390301,53.7,41,18.4,9.6,1,0,7.3,3.4,0.5,0,0
36.8,d_19390401,55.8,47.9,27,17.4,4.3,0,7.4,4.1,1.6,0.4,0
31.8,d_19390501,57.9,49,24.3,13.7,1.8,0,10.5,3.6,0.4,0,0
30.6,d_19390601,58,49.8,24.7,15,2.9,0,11.2,2.8,0,0,0
26.4,d_19390701,57.8,52.3,30.8,18,5.1,0,15.9,3.7,0.5,0,0
26.3,d_19390801,53.2,46.7,25.4,15.4,4.1,0,20.6,6.9,1.7,0.2,0
37.3,d_19390901,41.8,31.1,13.4,3.8,0.2,0,21,12.4,0.7,0,0
43.9,d_19391001,39.5,28.5,9.3,2.6,0,0,16.7,7.4,1.2,0,0
26.5,d_19391101,50.8,38.3,22.3,13.8,4,0,22.5,16,4.4,0.5,0
22,d_19391201,62.4,46.9,20.3,7.8,1.7,0,15.6,10.2,0.9,0,0
75.2,d_19400101,0.9,0.1,0,0,0,0,24,5.7,0.1,0,0
24.5,d_19400201,0,0,0,0,0,0,75.4,47,4.8,0.1,0
31.1,d_19400301,0.2,0,0,0,0,0,68.6,50.7,6,0.2,0
31,d_19400401,0,0,0,0,0,0,69,40.8,2,0,0
32.9,d_19400501,0.1,0,0,0,0,0,66.9,37,0.8,0,0
48.6,d_19400601,2.5,0.4,0,0,0,0,48.8,26.3,0.3,0,0
49.3,d_19400701,3.6,0.6,0,0,0,0,47.1,28.3,0.6,0,0
33.3,d_19400801,11.2,6.3,1.1,0,0,0,55.5,45.8,18.5,3.7,0
34.4,d_19400901,1.8,0,0,0,0,0,63.8,54.7,34.7,14.5,0.5
39.8,d_19401001,4.2,0.6,0,0,0,0,55.9,42,20.6,7.2,0.4
51.9,d_19401101,42.4,28.9,11.1,4.1,0.4,0,5.8,0.9,0,0,0
27.8,d_19401201,1.3,0.2,0,0,0,0,71,50.1,13.5,3.4,0
18.6,d_19410101,0.4,0,0,0,0,0,81,60.3,16,4.9,1.1
5.9,d_19410201,0,0,0,0,0,0,94.1,84.4,50.7,24.4,4.6
8.7,d_19410301,0,0,0,0,0,0,91.3,84.3,62.7,41.4,14.5
5.1,d_19410401,0,0,0,0,0,0,95,88.9,72.6,60.2,31.7
2.6,d_19410501,0,0,0,0,0,0,97.4,90.7,76.2,63.6,36.1
3.3,d_19410601,0,0,0,0,0,0,96.7,89.3,75.7,63.8,36.1
4.6,d_19410701,0,0,0,0,0,0,95.4,88.8,72,62.4,38.9
1.1,d_19410801,0,0,0,0,0,0,98.9,96,81.9,71.1,53.1
5.2,d_19410901,0.3,0,0,0,0,0,94.5,84.8,65.5,49.6,14.9
6.9,d_19411001,0.3,0,0,0,0,0,92.8,86.2,65.5,55,37.1
26,d_19411101,0.9,0.3,0,0,0,0,73,62.9,47.8,36.5,22.7
0.1,d_19411201,0,0,0,0,0,0,99.9,97.2,72.6,33.6,6.9
20.2,d_19420101,0,0,0,0,0,0,79.8,47.9,4.5,0,0
42.3,d_19420201,1.1,0,0,0,0,0,56.6,31.1,3,0,0
60.5,d_19420301,3.4,0.2,0,0,0,0,36.1,12,0.9,0,0
45.2,d_19420401,0.4,0,0,0,0,0,54.5,29.4,1.9,0,0
44.3,d_19420501,2.8,0,0,0,0,0,52.9,33.5,2.5,0,0
44.7,d_19420601,1.7,0,0,0,0,0,53.7,33.1,1.9,0,0
39.4,d_19420701,15,7.3,0,0,0,0,45.6,32.2,2.4,0,0
42.5,d_19420801,5.6,0.8,0,0,0,0,51.7,37.6,8.3,0,0
36.8,d_19420901,38.7,18.9,2,0.3,0,0,24.5,9.1,0,0,0
56.2,d_19421001,25.9,8.7,1.3,0,0,0,17.9,3.7,0,0,0
52.4,d_19421101,20.5,8.6,2.2,0.1,0,0,27,15.7,0.1,0,0
34.3,d_19421201,22.9,13.2,4.5,1.7,0,0,42.8,26.3,6.4,2.4,0.7
27.6,d_19430101,3.2,0.7,0,0,0,0,69.2,43.6,9.5,2.4,0.1
52.1,d_19430201,6.6,2.8,0,0,0,0,41.3,27.3,1.4,0,0
43.3,d_19430301,3.4,0.8,0,0,0,0,53.5,38.3,2.7,0.1,0
40.1,d_19430401,2.8,0.6,0,0,0,0,57.1,40,10.6,0.6,0
43.6,d_19430501,3.6,1.7,0,0,0,0,52.8,34,3.5,0.2,0
40.7,d_19430601,2.5,0.6,0,0,0,0,56.8,42.3,5.3,0.3,0
36.6,d_19430701,2.9,1.2,0,0,0,0,60.4,47.1,9.2,0.7,0
38.7,d_19430801,2.8,0.8,0,0,0,0,58.5,37.8,9.6,1.1,0
37.7,d_19430901,0.9,0,0,0,0,0,61.4,43.6,17.2,2.5,0
67.1,d_19431001,15.8,4.6,0,0,0,0,17.1,6,0.2,0,0
69.9,d_19431101,19.7,5.1,0,0,0,0,10.3,3.9,0.4,0,0
21.3,d_19431201,51,42.1,7,0.9,0,0,27.9,21.5,8.6,4.3,0.3
26,d_19440101,62.1,48.6,10.3,0.8,0,0,11.9,6.2,0.7,0,0
37.7,d_19440201,30.5,20.7,4.5,0,0,0,31.8,21,7.1,3.5,1.2
30.4,d_19440301,44.8,28.7,16.2,4.8,0.7,0,24.8,15.7,5.1,2,0.2
36.9,d_19440401,37.3,24.4,9.1,0.6,0,0,25.9,16.4,5,2.1,0
33.2,d_19440501,38.6,24.9,7.7,1.6,0,0,28.1,18.3,5.5,2.4,0.1
40.5,d_19440601,31.7,18.4,0.6,0,0,0,27.8,18.2,4.8,1.8,0
46.4,d_19440701,28.2,17.2,5.4,0,0,0,25.3,15.7,3.5,1.6,0.1
52.2,d_19440801,20.3,11.1,1.4,0,0,0,27.5,16.5,4.1,1.8,0.2
80.4,d_19440901,12.6,1.9,0.1,0,0,0,7.1,1.4,0,0,0
69.5,d_19441001,8.2,2,0.3,0.1,0,0,22.4,5.5,0.7,0,0
67.4,d_19441101,7.1,3.8,1,0.1,0,0,25.4,4.7,0,0,0
52.5,d_19441201,9.6,4.9,2.1,1.1,0.1,0,38,8.9,0,0,0
69.7,d_19450101,28.4,11.8,4.6,3.4,1.6,0,2,0.8,0,0,0
82.7,d_19450201,9,2.9,0.6,0.1,0,0,8.3,2,0,0,0
80.1,d_19450301,5.1,1.6,0.2,0,0,0,14.7,3.6,0,0,0
78.6,d_19450401,12,2.2,0,0,0,0,9.4,1.8,0,0,0
83.2,d_19450501,4.3,1.4,0,0,0,0,12.5,2.8,0,0,0
78.8,d_19450601,2.5,0.6,0,0,0,0,18.7,4.8,0.3,0,0
72.8,d_19450701,2.8,0.7,0,0,0,0,24.3,9.3,0,0,0
64.2,d_19450801,22.2,1.8,0,0,0,0,13.6,3.6,0.1,0,0
62.7,d_19450901,14.7,1.7,0,0,0,0,22.6,6.6,0,0,0
26.2,d_19451001,0,0,0,0,0,0,73.8,46.7,13.1,6.2,1.6
32.4,d_19451101,0.8,0.1,0,0,0,0,66.9,41.6,5.5,0.6,0
18.2,d_19451201,0.5,0.1,0,0,0,0,81.3,65.2,26.5,6.6,0.8
41.1,d_19460101,2.2,0.6,0,0,0,0,56.7,32,4.2,0.4,0
70.8,d_19460201,7.6,1.3,0,0,0,0,21.5,6.9,0.4,0,0
84.2,d_19460301,1.9,0,0,0,0,0,13.9,1.8,0.1,0,0
84.4,d_19460401,9.7,1.5,0,0,0,0,5.8,1,0,0,0
76.6,d_19460501,22.3,12.1,1.7,0.3,0,0,1,0,0,0,0
77.3,d_19460601,21.9,11.4,0.8,0.1,0,0,0.9,0,0,0,0
58.7,d_19460701,40.3,11.8,2.1,0.2,0,0,1,0.1,0,0,0
59.6,d_19460801,39.7,14,1.3,0.4,0,0,0.6,0.1,0,0,0
9.9,d_19460901,90.1,70.5,31.8,17.6,4.3,0,0,0,0,0,0
38.7,d_19461001,60.2,42.7,22.6,12.6,0.5,0,1.1,0.2,0,0,0
29.6,d_19461101,29.5,19.6,2.6,0.2,0,0,40.9,30.7,10.6,3.8,0.3
25.3,d_19461201,32,20.3,2.1,0.3,0,0,42.7,31.3,14.4,5.1,0.2
35.8,d_19470101,39.3,31.9,7.6,0.5,0.1,0,25,14.6,1.4,0.3,0
38.8,d_19470201,52.6,39.1,9.9,1.8,0.1,0,8.7,1.7,0.2,0,0
39.8,d_19470301,57.4,32.3,1.9,0.1,0,0,2.7,0.8,0,0,0
29.1,d_19470401,68.8,48.4,9.6,1.5,0,0,2.1,0.5,0,0,0
27.6,d_19470501,71.1,54.2,9.1,2,0.2,0,1.3,0.5,0,0,0
28.7,d_19470601,70,39,5.8,1.7,0.1,0,1.4,0.5,0,0,0
22.2,d_19470701,76.7,39.7,7.3,3.2,1,0,1,0.3,0,0,0
1.6,d_19470801,98.5,85,41.3,14.8,4.1,0,0,0,0,0,0
2.5,d_19470901,97.5,88.9,60.6,41.8,11.4,0,0,0,0,0,0
31.8,d_19471001,60.4,53.8,31.1,15,0.9,0,7.8,1.8,0,0,0
38.1,d_19471101,58.5,51.9,32.4,15.8,2,0,3.4,0,0,0,0
26.7,d_19471201,73.1,55.4,22,9.1,2.2,0,0.2,0,0,0,0
21.7,d_19480101,78.4,66.5,43.4,30.8,17.3,0,0,0,0,0,0
11,d_19480201,89,71.9,47.9,34.5,18.3,0,0,0,0,0,0
9.1,d_19480301,90.9,74.6,38.6,15.5,2.3,0,0,0,0,0,0
32.7,d_19480401,66.3,44,14.3,2,0.2,0,1,0,0,0,0
35.7,d_19480501,62.6,47.9,16.8,4.8,0.3,0,1.7,0,0,0,0
36.2,d_19480601,58.6,41.5,9.2,1.8,0.1,0,5.3,1.7,0,0,0
27.6,d_19480701,70.7,47.9,10.2,1.5,0,0,1.7,0.2,0,0,0
36,d_19480801,58.2,35,6.9,1.6,0,0,5.7,1.2,0,0,0
37.4,d_19480901,43.6,33.4,16.9,11.4,5.3,0,19.1,11.8,2.8,0.8,0.1
47.9,d_19481001,15.1,9.8,4.9,2.7,0.6,0,36.9,18.9,3,1.3,0.3
33.8,d_19481101,24.1,14.9,8.9,6.4,3.1,0,42.2,26,7.2,2.2,0.5
46.3,d_19481201,17.5,12.4,5.4,3,0.3,0,36.3,19.1,3.1,0.9,0.1
25.3,d_19490101,57.7,30.7,4.8,0.4,0,0,17.1,11.6,3,0.4,0
20.6,d_19490201,66.2,53.7,10,0.7,0,0,13.1,6.8,0,0,0
39.3,d_19490301,50.4,25.1,3.3,0.7,0,0,10.4,2.3,0,0,0
22.8,d_19490401,69,41.5,5.7,1.3,0,0,8.4,0.9,0,0,0
22.8,d_19490501,63.1,30.7,3.2,0.5,0,0,14.2,6.6,0,0,0
21.1,d_19490601,63.4,32.1,2.8,0.2,0,0,15.5,10.7,0,0,0
33.6,d_19490701,58.2,25.8,1.8,0.1,0,0,8.1,3.3,0,0,0
61.4,d_19490801,31.9,9.9,0.6,0,0,0,6.7,3.5,0.8,0,0
51.7,d_19490901,41.9,15.9,3.4,1.5,0.1,0,6.4,3.1,1,0,0
50.9,d_19491001,45,33.1,16.3,10.8,7.2,0,4.1,1.9,0,0,0
46.1,d_19491101,51.2,33.9,16,10.9,5.1,0,2.7,0.5,0,0,0
17.2,d_19491201,82.8,68.2,45,29.6,11.9,0,0,0,0,0,0
55.3,d_19500101,44.4,27.4,11.3,6.7,2.1,0,0.2,0,0,0,0
34.4,d_19500201,65.7,42.8,17.6,9.5,1.9,0,0,0,0,0,0
30.1,d_19500301,69.9,42.7,19,10.6,1.3,0,0,0,0,0,0
28.3,d_19500401,71.6,44.6,19.9,10.2,0.5,0,0,0,0,0,0
22.4,d_19500501,77.5,50,23.1,10.9,2.1,0,0,0,0,0,0
28.3,d_19500601,71.6,45.2,19,7.2,1.5,0,0.1,0,0,0,0
43,d_19500701,56.7,31.3,7.3,1.6,0.3,0,0.2,0,0,0,0
46.7,d_19500801,52,28.5,12.8,4.5,0.5,0,1.4,0,0,0,0
54.3,d_19500901,35.3,19.1,3.9,1,0.1,0,10.4,4.4,0,0,0
43.9,d_19501001,37.6,23.2,4.5,1.1,0,0,18.6,10.4,4,0.5,0
19.5,d_19501101,32.9,21.6,4.8,2.1,0.5,0,47.6,35.8,17.1,9.1,1.3
15.9,d_19501201,34.6,27.7,13.2,7.3,2.6,0,49.6,41.6,22.9,13.6,6.4
21.3,d_19510101,29.7,18.2,4.1,0.8,0,0,49.1,38.8,16.1,7.2,0.4
15.4,d_19510201,38,28.7,10.6,2.8,0.2,0,46.7,32.1,10.5,2.1,0
25.2,d_19510301,44.9,38.3,21.1,7.8,0.9,0,29.9,17.4,2.2,0.1,0
28.7,d_19510401,44.2,37.6,16.6,5.9,0.4,0,27.1,14.6,0.9,0,0
29.6,d_19510501,43,34.7,8.9,2,0.1,0,27.4,14,1.3,0,0
30.2,d_19510601,45.1,37.5,14.9,6,1.3,0,24.8,12.5,1,0,0
42.5,d_19510701,45.5,33.3,10.3,4.6,0.4,0,12,5.5,0,0,0
50,d_19510801,46.9,31.6,9.9,5,0.5,0,3.1,1.4,0,0,0
32.5,d_19510901,62.5,33.9,7.2,1.5,0,0,5.1,2.5,0,0,0
31.7,d_19511001,61.3,34.5,8.3,1.6,0.1,0,7.1,4,0.5,0,0
55.8,d_19511101,31,15.3,4,0.4,0,0,13.1,9.2,4.4,2.4,0
10.6,d_19511201,2.4,1.5,0.1,0,0,0,87,72,22.1,8.2,0.1
3.3,d_19520101,0,0,0,0,0,0,96.7,91.7,55.5,23.7,0.6
9,d_19520201,0.4,0,0,0,0,0,90.5,71.9,15.3,2.5,0
2.2,d_19520301,0,0,0,0,0,0,97.9,86.8,36.1,11,0.1
1.6,d_19520401,0,0,0,0,0,0,98.4,86.1,35.4,8.3,0
8.4,d_19520501,0,0,0,0,0,0,91.7,77.5,28.8,6.1,0
5.4,d_19520601,0,0,0,0,0,0,94.5,84,32.4,8.2,0.1
5.9,d_19520701,0,0,0,0,0,0,94,84.4,35.3,10.7,0.1
10.1,d_19520801,0,0,0,0,0,0,89.9,76.7,31.5,9,0.6
28.4,d_19520901,0,0,0,0,0,0,71.7,48,11,2.1,1.2
69.6,d_19521001,14,2.9,0.3,0,0,0,16.4,7.1,1.9,0.9,0
30.8,d_19521101,18.2,9,1.8,1,0.5,0,51,40.3,22.1,9.7,0.2
32.9,d_19521201,1.3,0.5,0.1,0,0,0,65.8,44.8,7.1,0.8,0
57.4,d_19530101,4.8,1.7,0,0,0,0,37.8,20.8,3,0.1,0
64,d_19530201,21,7.1,0.2,0,0,0,15,4.5,0.2,0,0
52.3,d_19530301,40.3,15.8,1.4,0,0,0,7.3,1.3,0,0,0
55.7,d_19530401,36.5,12.9,3.4,0.7,0,0,7.7,1.9,0,0,0
56.3,d_19530501,32,10.2,0.9,0,0,0,11.6,5.1,0.1,0,0
52,d_19530601,33.5,12.4,2,0.1,0,0,14.5,7,1,0,0
57.2,d_19530701,23,6.9,1.5,0.3,0,0,19.8,9.9,2.4,0.1,0
32.9,d_19530801,41.9,24.1,3.9,2.3,0.5,0,25.2,16.3,6.7,3.5,1.2
22.1,d_19530901,68.3,59.1,35.8,17.7,5.6,0,9.6,5.9,2.4,1.7,0
20.2,d_19531001,75.7,64.1,36.6,17.3,5.2,0,4.1,1.7,0,0,0
39.4,d_19531101,41.6,30.4,17,10.7,3.7,0,19,8.6,3.7,1,0
41.2,d_19531201,52.3,35.4,22.5,14,6,0,6.4,3.3,0,0,0
58.2,d_19540101,28.7,12,1.3,0.7,0.5,0,13,8.7,2.9,0.7,0
49,d_19540201,43.1,17.9,2.6,0.8,0.5,0,8,2.8,0,0,0
72.8,d_19540301,21.2,5.2,0.9,0.6,0.3,0,6.1,1,0,0,0
70.3,d_19540401,22.4,5.2,0.7,0.5,0.1,0,7.3,2.1,0,0,0
64.1,d_19540501,32.4,9.8,1.1,0.2,0,0,3.5,0.4,0,0,0
73.8,d_19540601,19.9,4.8,0.5,0,0,0,6.4,1.4,0,0,0
75.4,d_19540701,12.8,2.5,0,0,0,0,11.7,1.8,0,0,0
77.8,d_19540801,14.1,2.7,0.3,0,0,0,8.1,1,0,0,0
66.6,d_19540901,2.9,1,0,0,0,0,30.5,10.4,1.1,0.3,0
74.7,d_19541001,23.9,8.4,0.8,0,0,0,1.4,0.1,0,0,0
69.9,d_19541101,16.7,8.3,1.4,0.2,0,0,13.4,3.8,0,0,0
48.6,d_19541201,46.6,29.8,10.6,4.3,0.4,0,4.9,1,0,0,0
78.3,d_19550101,17,10.4,2.9,1.1,0.1,0,4.7,0.2,0,0,0
63.4,d_19550201,36.2,15.2,3.7,1.5,0.2,0,0.4,0,0,0,0
22.6,d_19550301,77.4,47.4,12.7,6.9,1.8,0,0,0,0,0,0
26.3,d_19550401,73.6,39.9,9.6,4.7,0.9,0,0,0,0,0,0
33.8,d_19550501,66.3,37.7,11.2,5.3,2.2,0,0,0,0,0,0
35.2,d_19550601,64.7,38.2,9.6,4.5,2.1,0,0,0,0,0,0
53.4,d_19550701,46,25.2,6,3.1,1.4,0,0.6,0,0,0,0
42.9,d_19550801,48.4,34.7,10.8,5,1.8,0,8.7,3.9,0.2,0,0
40.5,d_19550901,49.6,39.9,23,10.5,2.6,0,9.7,5.3,0.2,0,0
15.7,d_19551001,81.6,70.8,34.2,15.7,2.5,0,2.6,0.8,0.1,0,0
29.9,d_19551101,65.2,41.2,8.1,2.4,1.2,0,4.9,2.8,0.5,0.2,0
19.5,d_19551201,10.3,5.8,1,0.2,0,0,70,64.5,51.7,35.2,12.6
19.6,d_19560101,6.4,2.1,0.3,0,0,0,73.9,66.9,53.1,38.8,8.9
23.4,d_19560201,16,10,2.1,0.2,0,0,60.5,54.2,42.8,30.3,6.8
22.8,d_19560301,24.9,17.5,8,2.1,0.1,0,52.3,43.8,24,9.5,0.5
19.1,d_19560401,26.4,17.3,4,1.6,0.2,0,54.5,47.9,18.9,4.2,0
15.9,d_19560501,28.3,24.1,17.5,15.1,12.7,0,55.6,50.7,23.2,6.4,0
16.1,d_19560601,27.8,23.1,16.7,14.4,11.5,0,56.2,50.7,21.8,4.5,0
17.5,d_19560701,23.4,18,10.2,8,5.3,0,58.9,54.2,31.6,9.5,0.3
17,d_19560801,23.7,19,11.3,9.4,6.7,0,59.3,54,35.3,13.3,0.6
58.8,d_19560901,27.5,14.6,10.3,8.6,6.1,0,13.7,5.2,0.1,0,0
40.4,d_19561001,52.5,30,14.2,10.8,7.6,0,7.3,2.5,0.2,0,0
20,d_19561101,79.5,56.7,26.3,14.8,8.4,0,0.5,0,0,0,0
30.8,d_19561201,68.6,47.1,26.8,14.1,7.2,0,0.6,0,0,0,0
35.2,d_19570101,64.8,39.9,8.2,1,0,0,0,0,0,0,0
20.9,d_19570201,79.2,51,4.5,0.8,0,0,0,0,0,0,0
17.2,d_19570301,81.6,55.1,9,2,0,0,1.1,0,0,0,0
19.5,d_19570401,80.3,50.9,8.3,3.2,0.9,0,0.2,0,0,0,0
43.2,d_19570501,55.2,23.1,3,1,0,0,1.6,0,0,0,0
50.7,d_19570601,48.7,14.9,1.6,0,0,0,0.5,0,0,0,0
36.5,d_19570701,63.5,25.2,2.6,0.6,0,0,0,0,0,0,0
78.1,d_19570801,21.6,5.8,0.5,0,0,0,0.2,0,0,0,0
74.7,d_19570901,5.5,1.7,0.1,0,0,0,19.9,6.4,0.1,0,0
52,d_19571001,7.8,2.4,0,0,0,0,40.1,30,12.8,4.4,0.3
52.3,d_19571101,5,1.4,0,0,0,0,42.7,22.6,8.1,2.3,0
31,d_19571201,0.8,0,0,0,0,0,68.3,36.1,1.4,0,0
47.2,d_19580101,4.6,0.2,0,0,0,0,48.1,19.6,3,0.1,0
31,d_19580201,1.6,0.1,0,0,0,0,67.4,42.9,15.8,9.7,1.4
18.1,d_19580301,0,0,0,0,0,0,82,66.4,33.6,15.2,3.1
7.9,d_19580401,0,0,0,0,0,0,92.1,78.9,51.5,32.7,6.2
5.7,d_19580501,0,0,0,0,0,0,94.3,80.4,52.1,33.4,7.6
3.2,d_19580601,0,0,0,0,0,0,96.8,87.8,52.6,32.6,6.8
9.9,d_19580701,0.3,0,0,0,0,0,89.7,77.4,46.2,24.9,3.3
7,d_19580801,0.3,0,0,0,0,0,92.7,82.5,57.1,37,8.8
4.9,d_19580901,0.2,0,0,0,0,0,94.8,86.8,62.8,42.9,18.1
2,d_19581001,0,0,0,0,0,0,97.9,93.6,77.7,58.3,23.9
25.4,d_19581101,0.8,0.1,0,0,0,0,73.9,60.7,37.4,21.8,8
58.8,d_19581201,27.1,9.2,0.1,0,0,0,13.9,7.4,2.2,0.9,0.3
31.1,d_19590101,65.1,49.7,15.7,6.1,1.8,0,3.9,1.8,0.4,0,0
58.6,d_19590201,38.3,14.5,4.3,2,0.8,0,3.3,0.8,0,0,0
21.3,d_19590301,78,54.6,13.3,5.3,1.3,0,0.7,0.3,0,0,0
15.6,d_19590401,83.8,69,22,7.7,2.5,0,0.6,0.2,0,0,0
9.1,d_19590501,90.9,79,33.7,12.2,3.1,0,0,0,0,0,0
5.5,d_19590601,94.5,84.9,41.2,16.7,4.1,0,0,0,0,0,0
7.1,d_19590701,92.8,82.4,38.4,16.1,3.5,0,0,0,0,0,0
16.7,d_19590801,83.4,60.8,22.6,8.5,1.3,0,0,0,0,0,0
58.8,d_19590901,37.3,21.1,4.7,0.9,0,0,3.9,0.4,0,0,0
41.9,d_19591001,57.2,23.5,7.3,3.5,0.4,0,0.9,0.2,0,0,0
7.4,d_19591101,91.7,87,80.7,76.8,65.7,0,0.9,0.5,0,0,0
14.2,d_19591201,76.4,73.5,67.3,59,41.5,0,9.4,6.3,1.5,0.7,0
17.8,d_19600101,72.6,66.6,39.2,17.9,6.1,0,9.5,6.4,1.4,0.5,0
30.4,d_19600201,61.3,31.4,2.4,0,0,0,8.2,5.3,0.8,0.2,0
34.5,d_19600301,59.7,34.1,4.8,0.6,0,0,5.8,3.5,0.4,0,0
36.2,d_19600401,58.3,28.2,3.8,1,0,0,5.5,3.5,0.3,0,0
35.8,d_19600501,58.6,33.3,6.7,2.2,0.4,0,5.6,2.4,0,0,0
25,d_19600601,68.8,48.7,12.2,4.2,1.9,0,6.4,3.4,0,0,0
36.4,d_19600701,58.5,33.5,6.1,2.7,1.1,0,5,1.2,0,0,0
59.4,d_19600801,37.6,13.3,3,1.6,0,0,3.1,0,0,0,0
65.5,d_19600901,22.2,8.1,2.5,0.8,0,0,12.2,5,0,0,0
56.5,d_19601001,31.6,13.6,1.8,0,0,0,11.9,6.8,0.1,0,0
69.1,d_19601101,15.2,3.8,0.2,0,0,0,15.6,5,0.5,0,0
67.7,d_19601201,24.8,8,0.4,0,0,0,7.5,1.8,0,0,0
53.7,d_19610101,44.7,27.6,3.3,0,0,0,1.6,0.2,0,0,0
33,d_19610201,67,49,19.1,5.9,0.2,0,0.1,0,0,0,0
29.2,d_19610301,70.5,52.3,20.7,7.4,0.1,0,0.3,0,0,0,0
26.3,d_19610401,73.6,58.6,24.1,11.4,2.3,0,0.1,0,0,0,0
28.5,d_19610501,70.4,57,23.3,12.3,4.3,0,1.2,0,0,0,0
24,d_19610601,74.3,58.3,25.4,14.2,6.2,0,1.7,0,0,0,0
22.7,d_19610701,74.3,54.8,24.1,15.5,8.3,0,2.9,0.3,0,0,0
19.4,d_19610801,80.2,72.5,47.9,30.2,16.8,0,0.3,0,0,0,0
20,d_19610901,77.3,62.1,28.4,16.1,2.6,0,2.7,1.3,0,0,0
18.8,d_19611001,74.4,61.2,35.7,21.7,9.3,0,6.9,4.5,1.7,0.4,0
47.2,d_19611101,43.2,24.2,5.2,0.8,0,0,9.5,4,1.2,0,0
62.3,d_19611201,35.8,14.7,2.1,0.1,0,0,2,0.5,0,0,0
51.6,d_19620101,45.7,27.7,2.7,0.8,0,0,2.7,0.3,0,0,0
47.5,d_19620201,14.1,5.1,0.5,0,0,0,38.4,27.1,7.7,2.9,0.3
54.5,d_19620301,13.3,5.2,0.8,0,0,0,32.2,17.1,2.8,0.8,0
61.8,d_19620401,16.6,5.4,0.7,0,0,0,21.6,8.7,1.2,0,0
60.6,d_19620501,22.2,10.9,3.9,1.4,0.1,0,17.1,7.4,0.9,0,0
58.1,d_19620601,23,10.8,2.3,1,0,0,18.9,8.6,1,0,0
53.7,d_19620701,22.3,11.3,2.1,0.5,0,0,24,11.6,2.3,0.3,0
57.4,d_19620801,24.8,14.8,6.2,2.4,0,0,17.8,8.3,1.1,0,0
50.3,d_19620901,24.3,13.9,6,2.5,0.7,0,25.4,12.2,2.9,0.1,0
11.7,d_19621001,17.3,13.4,6.8,4,1,0,70.8,60.7,23.2,8.6,1.3
17.2,d_19621101,58.5,55.8,46.2,36,18.4,0,24.4,9,1.4,0.2,0
31.3,d_19621201,59.5,53.8,41,34.1,26.9,0,9.2,2.8,0.7,0,0
42.3,d_19630101,51,44.1,31.4,27.7,20.7,0,6.8,1.7,0,0,0
53.5,d_19630201,41,34.2,20,11.3,2.4,0,5.5,2,0,0,0
51.1,d_19630301,40.2,33.4,16.2,7.5,0.4,0,8.6,1.7,0,0,0
24.5,d_19630401,36.4,29.1,12.1,3.9,0,0,39.1,14,0.8,0,0
26.3,d_19630501,34.2,24.9,10.8,4,0,0,39.4,15.5,0.8,0,0
27.7,d_19630601,31.2,23.4,7.5,1.2,0,0,41.1,19,1.9,0.2,0
56,d_19630701,32.3,25,11.8,4.5,0.7,0,11.8,3,0,0,0
48,d_19630801,26.1,17.1,1.4,0,0,0,25.9,10.4,1.1,0,0
52.2,d_19630901,0.7,0,0,0,0,0,47,24.5,7.8,3.4,0.5
12.9,d_19631001,0,0,0,0,0,0,87.2,68.3,20.3,4.7,0.7
5.5,d_19631101,0,0,0,0,0,0,94.4,86.7,63.8,36.6,2.7
17.8,d_19631201,0,0,0,0,0,0,82.2,49.7,7.6,1,0
79.9,d_19640101,1.8,0,0,0,0,0,18.4,6.3,0.3,0,0
43,d_19640201,53.3,25.8,0.4,0,0,0,3.7,0.8,0,0,0
31.2,d_19640301,67.4,47,3.4,0,0,0,1.4,0.4,0,0,0
31,d_19640401,67.2,49.9,5.9,0.5,0,0,1.7,0.5,0,0,0
29.4,d_19640501,69.6,48.7,6.7,0.8,0,0,1,0,0,0,0
17.9,d_19640601,81.9,63,11.5,2.6,0,0,0.2,0,0,0,0
8.8,d_19640701,90.9,80,30.6,10.2,1.3,0,0.2,0,0,0,0
3.4,d_19640801,96.4,93.3,77,55.6,17.4,0,0.2,0,0,0,0
6.6,d_19640901,92.6,80.8,37,15,2.1,0,0.7,0.4,0,0,0
8.3,d_19641001,91.5,73.5,44.9,24,7.8,0,0.2,0,0,0,0
65.4,d_19641101,25,11.2,1.2,0,0,0,9.7,1.7,0,0,0
23.4,d_19641201,16.4,10.7,1.7,0,0,0,60.1,53.1,30.8,16.7,4.6
19.2,d_19650101,27.2,18.9,7.5,2.1,0.1,0,53.5,47.6,29.8,17.9,3.3
23.2,d_19650201,37.7,31.9,15.5,6.5,0.4,0,39.2,28,8.6,2.1,0.1
33.4,d_19650301,41.8,31.1,10.9,2.7,0,0,24.9,11.9,0.2,0,0
44.5,d_19650401,18.9,6.3,0.1,0,0,0,36.6,21.1,1,0.2,0
49.4,d_19650501,20.5,6.3,0.1,0,0,0,30.1,14.6,0.6,0.1,0
53.8,d_19650601,14,3.9,0,0,0,0,32.2,18.3,1.7,0.2,0
59.9,d_19650701,7.4,1.2,0,0,0,0,32.7,21.5,3.2,0.9,0
56.8,d_19650801,15.2,5.3,0.5,0,0,0,28,17.9,6.2,2.6,0.7
62.1,d_19650901,36.8,10.9,0.9,0,0,0,1.2,0.1,0,0,0
43.7,d_19651001,53.8,36.9,11.7,5.1,1.2,0,2.6,0.3,0,0,0
28.9,d_19651101,2.9,1.3,0,0,0,0,68.1,55.5,34.6,24.9,6.2
17.8,d_19651201,0,0,0,0,0,0,82.1,70.7,53.4,39.9,26.3
49.4,d_19660101,1.1,0.3,0,0,0,0,49.5,38.2,13.9,4,0.1
56.6,d_19660201,6.3,0,0,0,0,0,37,23.6,2.7,0.1,0
48.8,d_19660301,26.1,11.5,0.1,0,0,0,25,8.8,0.1,0,0
48.1,d_19660401,36.6,16.9,0.3,0,0,0,15.2,5.2,0,0,0
40.6,d_19660501,46.1,29.5,4.7,1.3,0,0,13.3,7.1,0,0,0
41.7,d_19660601,43.5,27,3.6,1,0,0,14.7,9.4,0.7,0,0
45.4,d_19660701,35.5,18,0.8,0,0,0,19,12.7,4.8,0.7,0
19.2,d_19660801,74.2,61.5,40.9,17.8,1.3,0,6.6,2.7,0,0,0
12.1,d_19660901,87.9,81.1,64.8,48.5,21.6,0,0,0,0,0,0
7.8,d_19661001,91.7,88.5,75.3,58.5,38.8,0,0.6,0,0,0,0
36.4,d_19661101,61.4,47.3,22.9,11.4,2.1,0,2.1,0.1,0,0,0
62.4,d_19661201,3.7,1,0,0,0,0,33.8,21.1,7.4,2.7,0.5
27.5,d_19670101,3.2,0.9,0,0,0,0,69.3,47.9,11.6,4.1,0.8
59.8,d_19670201,9.7,4,0.2,0,0,0,30.6,10.7,2.5,0.3,0
41.7,d_19670301,15.5,8.3,1.2,0,0,0,42.8,20,3,0.4,0
20.4,d_19670401,13,7.5,0.5,0,0,0,66.5,50.1,12.5,4.1,0.5
25.1,d_19670501,10.8,5,0.1,0,0,0,64.1,47.4,10.8,4.1,0.5
22.6,d_19670601,11.3,4.7,0,0,0,0,66.1,51,13.7,3.6,0.5
17.5,d_19670701,12.2,8,3.8,1.2,0,0,70.2,59.6,24.6,7.4,1.8
30.7,d_19670801,7.5,4.1,0.6,0,0,0,61.8,42,12.6,6,1.5
50.8,d_19670901,2.2,0.7,0,0,0,0,47,29,4.9,1,0
65.8,d_19671001,9.9,2.1,0,0,0,0,24.3,11.3,1.1,0,0
18.8,d_19671101,0.1,0,0,0,0,0,81.1,64.8,34.7,16.5,2.3
34.3,d_19671201,3.4,0.7,0,0,0,0,62.3,51,28.1,10.1,0.6
64.7,d_19680101,19.1,5.2,0.1,0,0,0,16.1,5.9,0.3,0,0
61,d_19680201,27.4,12.6,1.4,0,0,0,11.6,4.7,0.1,0,0
52.9,d_19680301,36.1,17.9,2.4,0.7,0.2,0,10.9,3.6,0,0,0
42.9,d_19680401,49.1,26.3,4.7,1.1,0.4,0,8,2.9,0,0,0
40.6,d_19680501,54.2,31.6,7.3,1.3,0,0,5.2,2.3,0,0,0
39.1,d_19680601,58.8,32,8.5,2.7,0.7,0,2.1,0.3,0,0,0
43.2,d_19680701,48.6,26.5,3.3,0.5,0,0,8.3,4.3,0.1,0,0
46.5,d_19680801,53,36.5,7.6,1,0,0,0.6,0,0,0,0
42.2,d_19680901,57.5,37.9,5.7,1.1,0.2,0,0.3,0,0,0,0
47.2,d_19681001,48.9,19.5,1.8,0.2,0,0,3.9,1.5,0,0,0
66.5,d_19681101,29.5,8.3,0.6,0,0,0,3.9,0.6,0,0,0
59.2,d_19681201,21.9,10.3,0.1,0,0,0,18.9,3.4,0,0,0
15.2,d_19690101,0,0,0,0,0,0,84.8,80.3,52.9,27.5,11.6
9.2,d_19690201,0.7,0,0,0,0,0,90.1,87.7,73.7,54.7,34
9.3,d_19690301,2.6,0.1,0,0,0,0,88.1,81.4,55.8,36.7,19.9
6,d_19690401,7.7,5.9,0.7,0.1,0,0,86.3,78.7,48.2,33.3,17.1
11.7,d_19690501,5.9,1.9,0,0,0,0,82.5,73.9,42.8,32.7,17.2
8.3,d_19690601,4.3,1,0,0,0,0,87.3,79.1,46.3,34.6,19
9.3,d_19690701,2.8,0.5,0,0,0,0,87.9,80.3,48.6,36.6,20.1
10.1,d_19690801,3.5,0.8,0,0,0,0,86.4,79.1,48.6,36,18.5
16.4,d_19690901,0.3,0,0,0,0,0,83.4,71.9,49.4,37.9,19.2
36.7,d_19691001,9.4,3.2,0.2,0,0,0,53.8,39.5,9,1,0
40.3,d_19691101,55.7,35.8,11.5,3,0,0,3.9,0.7,0,0,0
59.4,d_19691201,24.8,9.7,1.2,0,0,0,15.7,2.4,0,0,0
26.9,d_19700101,29.5,18.7,2,0,0,0,43.5,36.5,19.4,4.7,0.2
30.7,d_19700201,30,17.2,3.6,0.8,0,0,39.2,29.7,9.4,1.2,0
37,d_19700301,28.1,10.7,1.2,0.2,0,0,34.8,21.4,1.2,0.1,0
33.7,d_19700401,37.4,22.6,2.8,0.4,0,0,28.9,13.8,0.2,0,0
33.9,d_19700501,40.3,27,4.2,1.8,0.2,0,25.7,9.7,0,0,0
30.4,d_19700601,42.1,28.6,4.6,1,0,0,27.5,14.3,2.1,0,0
37.8,d_19700701,36.2,20.4,1.3,0,0,0,26,12.5,0.5,0,0
35.6,d_19700801,31.6,17.9,1.1,0.1,0,0,32.7,23.9,3.7,0.4,0
70.4,d_19700901,15.2,4.5,0,0,0,0,14.3,3.8,0,0,0
31.1,d_19701001,67,53.7,16.8,3.1,0.6,0,2,0.5,0,0,0
57.1,d_19701101,4.3,0.6,0,0,0,0,38.7,14.3,0.4,0,0
23.7,d_19701201,7.9,4.3,1.2,0.4,0,0,68.3,53.7,12.5,0.7,0
39,d_19710101,13.5,8.7,2.6,0.9,0,0,47.5,25.2,2.8,0,0
63.8,d_19710201,18.8,12.1,5,2,0,0,17.3,6.3,0,0,0
43,d_19710301,37.3,20.7,7.9,4.1,0.6,0,19.7,11.3,2.2,0,0
39.7,d_19710401,43,25.5,8.2,3.9,1.4,0,17.3,10.1,1.8,0,0
46.1,d_19710501,33.7,19.3,11.2,5.9,1,0,20.1,13.9,4.3,1.1,0.1
48.2,d_19710601,29.9,17.5,9.4,4.8,0.9,0,21.8,15.7,7,2.4,0.3
53.6,d_19710701,23.6,16.2,10.2,5.3,1.9,0,22.7,15.9,7.6,2.2,0.3
22.8,d_19710801,66,45.1,9.2,2.2,0.1,0,11.1,6.6,1.6,0.3,0
16.1,d_19710901,74.2,66.1,41.1,14.4,1.5,0,9.7,5.7,2.1,1.2,0.1
19.4,d_19711001,71,60.5,23.8,4.9,0.2,0,9.7,6.7,3.8,2.4,1.4
26.5,d_19711101,55,33.1,11.9,3.7,1.1,0,18.6,13.2,6.6,4.5,2.2
51.4,d_19711201,7.8,1.9,0,0,0,0,40.8,19.6,5.1,1.9,0.2
59.1,d_19720101,28.5,11.4,0.5,0,0,0,12.4,5.6,1.6,0.5,0
23.5,d_19720201,71.1,50.3,15.9,4.8,0.5,0,5.5,2.1,0.1,0,0
11.5,d_19720301,83.6,75.2,47.2,23.6,5.8,0,4.8,2.4,0,0,0
11.6,d_19720401,83.6,74,50.7,25.9,7,0,4.8,2.3,0,0,0
8.8,d_19720501,86.9,80.6,61.9,40.7,15.9,0,4.3,1.2,0,0,0
8.4,d_19720601,88.5,80,56,34,12.1,0,3.1,0.7,0,0,0
9.2,d_19720701,87.2,76.6,53.5,34.6,16.6,0,3.6,1.2,0,0,0
9.8,d_19720801,87.3,75.6,44.7,25.5,12.4,0,2.9,0.8,0,0,0
9.2,d_19720901,86.5,82.8,74.7,66,50.7,0,4.2,2.1,0,0,0
27.9,d_19721001,69.5,54.4,41.1,32.5,17.8,0,2.5,0,0,0,0
65.5,d_19721101,16.9,4.8,0,0,0,0,17.6,4.4,0.1,0,0
59.5,d_19721201,3.5,0.7,0,0,0,0,37,16.6,1,0,0
39.5,d_19730101,4.4,1.1,0,0,0,0,56,39,16.6,3.8,0
27.6,d_19730201,2.9,1.3,0,0,0,0,69.5,52.7,29.6,19.1,2.8
26.7,d_19730301,3.9,0.9,0,0,0,0,69.3,54.3,28.5,17.5,1.7
30.1,d_19730401,4.6,1.9,0.1,0,0,0,65.5,45.4,21.2,5.9,0.1
29.1,d_19730501,4.7,2.9,0.2,0,0,0,66.1,43.9,18.9,3.4,0
27.6,d_19730601,6.9,4.4,0.6,0,0,0,65.6,44.1,17,2.5,0
35.5,d_19730701,8.3,4.6,0.4,0,0,0,56.2,35.3,10.3,1.9,0
49.5,d_19730801,13.7,7.5,0.4,0,0,0,36.8,12.6,0.3,0,0
41.1,d_19730901,11.1,5.9,0.6,0,0,0,47.8,26.2,0.8,0,0
57.3,d_19731001,9,3.3,0.6,0,0,0,33.6,12.7,0.1,0,0
51.3,d_19731101,7.3,2.5,0,0,0,0,41.4,28.4,8.8,3.1,0
21,d_19731201,37,30.5,19.9,13.1,5.8,0,41.9,34.6,14.1,5.6,0.6
29.9,d_19740101,7.4,3.2,0,0,0,0,62.7,40.2,18.5,10.1,3.1
52.3,d_19740201,16.1,8.9,1.2,0,0,0,31.5,23.2,13.3,7.5,1.7
40.1,d_19740301,13.2,6.1,0.4,0,0,0,46.7,32.2,20.7,15.2,6.7
41.1,d_19740401,12.4,4.5,0,0,0,0,46.5,32,19.7,13.5,5.5
47.6,d_19740501,11.5,4.1,0,0,0,0,41,27.9,17.5,10.9,3.8
50.4,d_19740601,7.9,2.4,0,0,0,0,41.6,27.3,15.8,8.9,2.4
54.4,d_19740701,4.9,1.3,0,0,0,0,40.8,26.1,14.1,7.5,0.7
71.4,d_19740801,8,2.9,0.2,0,0,0,20.6,10.7,1,0,0
75.7,d_19740901,5.9,0.9,0,0,0,0,18.4,9.7,0.7,0.1,0
66.3,d_19741001,25.4,11.7,2.2,0.3,0,0,8.2,2.3,0,0,0
68.5,d_19741101,14.6,8.2,1.9,0,0,0,16.8,6.6,2.1,1,0
51.9,d_19741201,39.1,21.2,5.7,1.8,0,0,8.9,3.4,0.5,0,0
23.2,d_19750101,75.5,57.3,19.5,3.9,0,0,1.4,0.4,0,0,0
60.8,d_19750201,38.9,14.9,2.3,0.7,0,0,0.3,0,0,0,0
71.8,d_19750301,18.5,10.2,2.5,0.2,0,0,9.8,1,0,0,0
75.8,d_19750401,16.1,5.5,0.2,0,0,0,8,0.5,0,0,0
76.6,d_19750501,19.2,4.6,0.3,0,0,0,4.2,0.2,0,0,0
80.5,d_19750601,14,2.5,0.2,0,0,0,5.6,0.3,0,0,0
62.7,d_19750701,31.4,17.9,2.2,0.2,0,0,6.1,1,0,0,0
52.7,d_19750801,28.2,16.7,2.5,0.3,0,0,19.1,7.9,0.3,0,0
50.8,d_19750901,23.7,12.3,2.4,1,0,0,25.5,11,1.9,0.1,0
27.9,d_19751001,12.8,7.2,1.5,0.3,0,0,59.3,50.7,29.9,12.7,1.9
45,d_19751101,13.1,6.9,1.6,0.4,0,0,41.9,23.2,3.4,0.1,0
32.2,d_19751201,67.5,47.9,13,3.2,0.1,0,0.2,0,0,0,0
1.5,d_19760101,98.4,92,75.9,59.8,37.5,0,0,0,0,0,0
26.3,d_19760201,71.5,55.7,33.5,23,12.4,0,2.1,1.3,0.1,0,0
18.9,d_19760301,79.5,66.9,41.2,30.1,18.7,0,1.6,0.7,0,0,0
22.7,d_19760401,76.2,62.9,38.6,28,14.2,0,1.2,0,0,0,0
21.3,d_19760501,75.3,66.9,46.7,35.4,23.2,0,3.3,1.3,0,0,0
21.5,d_19760601,76.8,67.8,46.6,35,22.2,0,1.6,0.2,0,0,0
21,d_19760701,74.7,69.6,54.3,44.2,33.8,0,4.2,2.1,0,0,0
22.8,d_19760801,73.2,62.6,44.7,35.8,24,0,4,1.7,0,0,0
26.8,d_19760901,50.3,42.6,26.2,18.1,5.9,0,22.9,16,3.6,0.9,0
24.9,d_19761001,37.7,27.3,11.9,5,0.1,0,37.6,29.6,15.8,7.2,2.9
31.1,d_19761101,48.2,40.2,28.4,19.6,8.6,0,20.8,11,3.9,1.7,0.1
28.7,d_19761201,52.6,45.5,36.4,30.2,19.9,0,18.7,9,2.6,0.6,0
33.7,d_19770101,55.7,49.4,40.5,34.5,28,0,10.4,5,0.1,0,0
25.9,d_19770201,71.5,61.9,47.7,40.3,31.4,0,2.5,0.2,0,0,0
24,d_19770301,74.8,66.6,52.5,44.7,34.3,0,1.2,0,0,0,0
18.9,d_19770401,81,74.9,62.4,52.8,41.7,0,0,0,0,0,0
24.2,d_19770501,74.7,67.2,54.1,47.6,36.7,0,1.2,0,0,0,0
6,d_19770601,94,81.6,61.9,52.4,40,0,0,0,0,0,0
0.8,d_19770701,99.2,92.9,65.1,52.7,37.4,0,0,0,0,0,0
32,d_19770801,64.4,61.7,54.6,43.6,28.6,3.6,0.1,0,0,0,0
36.1,d_19770901,60.8,52.5,33.1,11.3,0.1,0,3.2,0.1,0,0,0
30.1,d_19771001,67.7,53.3,20.3,7.8,0,0,2.1,0.6,0,0,0
46.5,d_19771101,43.7,29.1,5.4,0,0,0,9.8,2.3,0.1,0,0
46.3,d_19771201,0.1,0,0,0,0,0,53.6,32.6,4.1,0.4,0
0.3,d_19780101,0,0,0,0,0,0,99.7,95.3,49.5,18.3,2
3,d_19780201,0,0,0,0,0,0,97.1,88,55,33.8,9
2.3,d_19780301,0,0,0,0,0,0,97.7,90.7,65,48.6,29.5
0.2,d_19780401,0,0,0,0,0,0,99.9,96.4,75.5,55.1,36.8
0.9,d_19780501,0,0,0,0,0,0,99.2,93.3,64.6,45.9,28.9
3.7,d_19780601,0,0,0,0,0,0,96.3,89.2,61.5,46,29
2.3,d_19780701,0,0,0,0,0,0,97.7,92.5,67.7,49.3,35.5
2.5,d_19780801,0,0,0,0,0,0,97.5,93.8,72.9,50.4,38.3
3.9,d_19780901,0,0,0,0,0,0,96.2,91.6,71.9,50.8,31.7
16.7,d_19781001,0.3,0.1,0,0,0,0,83,65.9,43.1,37.9,22.3
25,d_19781101,3.7,1.1,0,0,0,0,71.2,61.1,40.3,27.2,11.7
41.4,d_19781201,29.2,20.4,6,0.8,0.1,0,29.3,16.2,1.8,0,0
36,d_19790101,31.4,27,15,6.2,0.1,0,32.7,23.6,7.9,1.4,0
43.7,d_19790201,20.5,11,1.2,0,0,0,35.7,20.4,3,0.2,0
33.7,d_19790301,21.6,12.3,2.9,0.3,0,0,44.7,30.6,6.6,0.4,0
43.5,d_19790401,20.8,9.9,1.2,0,0,0,35.8,26.9,4.7,0.2,0
45,d_19790501,21.1,11.1,0.6,0,0,0,33.9,26.6,7.8,0.9,0
41.5,d_19790601,27.9,17.7,4.9,0.2,0,0,30.6,23.1,11.7,1.5,0
45.4,d_19790701,20.6,11.2,0.3,0,0,0,34,26.8,15.1,7.2,0.5
55.3,d_19790801,11.2,3.7,0,0,0,0,33.5,25.1,12.3,6.4,0.8
49.8,d_19790901,1.5,0,0,0,0,0,48.6,27.5,8.9,3,0.2
50.5,d_19791001,1.1,0,0,0,0,0,48.4,21.8,3.6,1.3,0
57.4,d_19791101,8.2,1.8,0,0,0,0,34.6,16.4,4,2.3,0.3
35.7,d_19791201,37.1,30.8,17.1,6.3,1,0,27.2,10.4,0.6,0.1,0
31.1,d_19800101,1,0.4,0,0,0,0,68,33.6,5.2,2,0.3
6.1,d_19800201,0,0,0,0,0,0,94,81.8,36.7,17.5,5.9
7.2,d_19800301,0,0,0,0,0,0,92.8,72.3,34.6,17.8,6.1
7.9,d_19800401,0,0,0,0,0,0,92,67.3,31.2,15.3,3.6
11.3,d_19800501,0,0,0,0,0,0,88.8,65.5,29.4,15.8,3
9.9,d_19800601,0,0,0,0,0,0,90,67.4,31.8,16.8,4
18.6,d_19800701,0.1,0,0,0,0,0,81.3,59.7,33.7,21.8,5.7
17.6,d_19800801,0.8,0,0,0,0,0,81.5,63.6,34.1,21.3,5.6
19.5,d_19800901,0.5,0.1,0,0,0,0,80,66,40.5,27.1,10.2
39,d_19801001,0.7,0,0,0,0,0,60.3,43.2,22.8,12.5,1.2
38.2,d_19801101,56.6,44.6,16.2,4.4,0,0,5.2,1.7,0,0,0
13.4,d_19801201,86,64.9,34.8,17.7,4.3,0,0.6,0.2,0,0,0
21.6,d_19810101,78,49.7,12.6,1.3,0,0,0.3,0,0,0,0
8.9,d_19810201,91,72.2,24.7,8,1,0,0.1,0,0,0,0
34.2,d_19810301,65.8,27.1,1,0,0,0,0,0,0,0,0
31.5,d_19810401,68.5,35.7,3.4,0.4,0,0,0,0,0,0,0
36.8,d_19810501,63,32.3,1.2,0,0,0,0.3,0,0,0,0
36.8,d_19810601,63.1,30.7,0.7,0,0,0,0.1,0,0,0,0
43.2,d_19810701,56.7,24,0.5,0,0,0,0.1,0,0,0,0
70.4,d_19810801,28.9,6.5,0,0,0,0,0.7,0,0,0,0
82.9,d_19810901,9.9,2.4,0.1,0,0,0,7.1,1.2,0,0,0
80.2,d_19811001,4.1,0.1,0,0,0,0,15.7,3,0,0,0
12.8,d_19811101,0.5,0,0,0,0,0,86.6,68.7,27.3,13.1,0.8
33,d_19811201,18,9.9,2.4,0.6,0,0,49,39.6,30.1,18.4,5.4
40.8,d_19820101,6.7,0.4,0,0,0,0,52.7,44.7,26.4,8.6,0.4
34.4,d_19820201,20.3,7.9,0.3,0,0,0,45.4,39.5,18.4,4.9,0.1
39.3,d_19820301,2.9,0.6,0,0,0,0,57.8,50,31,17,1.3
31.2,d_19820401,1,0,0,0,0,0,67.7,56.2,38.3,23.5,4.6
31.3,d_19820501,0.3,0,0,0,0,0,68.3,54.4,33.4,18.3,2.2
31.4,d_19820601,0.1,0,0,0,0,0,68.4,56.1,35.9,20.4,2.7
29.8,d_19820701,0,0,0,0,0,0,70.2,52.5,28.4,14.5,1
43.9,d_19820801,0.2,0,0,0,0,0,56,34.4,11.4,1.3,0
26.2,d_19820901,0,0,0,0,0,0,73.9,49.7,18.6,5.8,0.6
10,d_19821001,0,0,0,0,0,0,90.1,73.8,32.6,17.7,4.2
1.6,d_19821101,0,0,0,0,0,0,98.3,93.7,78.8,63.6,43.5
1.2,d_19821201,0,0,0,0,0,0,98.8,92.9,67.8,42.5,16.2
3.9,d_19830101,0,0,0,0,0,0,96.1,90.3,52.7,29.7,7.8
1.3,d_19830201,0,0,0,0,0,0,98.6,93.5,75.8,53.7,17.7
0,d_19830301,0,0,0,0,0,0,100,99.8,93.7,84.9,59.9
0,d_19830401,0,0,0,0,0,0,100,99.7,92.1,85.8,64.7
0,d_19830501,0,0,0,0,0,0,100.1,98.8,89.3,82.3,62.1
0,d_19830601,0,0,0,0,0,0,100,98.3,88,79.5,50.9
0.7,d_19830701,0,0,0,0,0,0,99.3,96.3,87.9,75.3,44.8
0,d_19830801,0,0,0,0,0,0,100.1,97.9,92.6,78.6,31.3
0,d_19830901,0,0,0,0,0,0,99.9,99.2,93.7,82.2,35.9
0,d_19831001,0,0,0,0,0,0,100,99.9,94.8,83.8,47.5
0,d_19831101,0,0,0,0,0,0,100,99.8,97.1,92.5,76
0.1,d_19831201,0,0,0,0,0,0,99.9,98.7,80.6,61.4,27.3
23.7,d_19840101,0,0,0,0,0,0,76.3,46.8,10,1.4,0
46,d_19840201,1.5,0,0,0,0,0,52.5,27.3,3.1,0,0
48.9,d_19840301,16.6,4.5,0,0,0,0,34.6,14.9,1.4,0.2,0
48.1,d_19840401,19.8,9,0,0,0,0,32,12.6,1.4,0.2,0
44.9,d_19840501,39.7,27.7,5.1,0,0,0,15.5,3.5,0,0,0
37.4,d_19840601,48.1,37.2,10,0.8,0,0,14.4,3.7,0.4,0,0
45.4,d_19840701,36.5,24.7,8.6,1.4,0,0,18.2,5.1,0.6,0,0
46.8,d_19840801,46.7,34.4,21.4,12.5,1.3,0,6.6,2.8,0.2,0,0
20.5,d_19840901,78,70.4,53,41.6,23.9,0,1.4,0.2,0,0,0
38.1,d_19841001,53.7,38.5,19.8,14.2,5.6,0,8.2,3.1,0,0,0
32,d_19841101,13.1,5.4,0.1,0,0,0,54.9,35.9,11.5,3.7,0.2
29.9,d_19841201,0.1,0,0,0,0,0,69.8,44.8,27.5,22,10.4
61,d_19850101,3.4,0.1,0,0,0,0,35.7,28.9,20.6,14.3,6.4
56,d_19850201,15,0.3,0,0,0,0,29,22.4,12.9,5.5,0.4
61.9,d_19850301,14.3,0.5,0,0,0,0,23.7,18,6.4,1.2,0
49.8,d_19850401,37.6,7.4,0,0,0,0,12.7,6.6,0.2,0,0
38.7,d_19850501,56.5,24.8,0.5,0,0,0,4.8,1.8,0,0,0
41.2,d_19850601,52.7,21.2,0.4,0,0,0,6.1,3.5,0,0,0
32.2,d_19850701,57.5,30.6,1.9,0,0,0,10.3,6.1,0.4,0,0
26.9,d_19850801,70.9,64.4,46.8,34,20.2,0,2.2,0.6,0,0,0
9.2,d_19850901,90.8,85.2,53.2,23,4.7,0,0,0,0,0,0
19.5,d_19851001,79.6,54.7,16.9,8.9,3.4,0,0.8,0,0,0,0
60.4,d_19851101,19.6,7.8,0,0,0,0,19.9,7.3,1.1,0,0
59.8,d_19851201,27.4,13.2,2.2,0.1,0,0,12.7,6.7,1.2,0,0
74.7,d_19860101,11.3,3.1,0,0,0,0,14,4.8,0.2,0,0
21.8,d_19860201,4.7,1.4,0,0,0,0,73.5,53.4,13.4,5.3,1
18.8,d_19860301,0.9,0,0,0,0,0,80.4,62.5,24.6,7.7,1.7
24.6,d_19860401,1.3,0.3,0,0,0,0,74.2,53.5,15.5,4.8,0.8
24.3,d_19860501,0.4,0,0,0,0,0,75.2,53.3,13.4,5,1.2
30.7,d_19860601,0.4,0,0,0,0,0,68.9,42.4,7.9,2.3,0.7
27.4,d_19860701,0.3,0,0,0,0,0,72.3,49.2,9.8,2.4,0.8
43.7,d_19860801,4.4,1.1,0,0,0,0,51.9,34.6,4.1,1,0
29,d_19860901,1.1,0,0,0,0,0,69.9,57,32.8,10.1,1.8
20.1,d_19861001,0.8,0,0,0,0,0,79.2,68.4,40.1,19.5,3.8
70.4,d_19861101,11.9,2,0,0,0,0,17.6,4.6,0.3,0,0
23.6,d_19861201,69.2,60.3,38.7,25.8,7.5,0,7.1,2.8,0.4,0,0
27.2,d_19870101,67.2,52.6,30.1,15.6,0.7,0,5.6,2.5,0,0,0
25.3,d_19870201,72.2,60.9,21.3,4.4,0.2,0,2.6,0,0,0,0
34.2,d_19870301,64,38.3,8.8,0.9,0,0,1.7,0,0,0,0
22.2,d_19870401,77.2,52.6,16.4,4.4,0.2,0,0.6,0,0,0,0
22.1,d_19870501,76.4,56,17.1,4.6,0,0,1.4,0.3,0,0,0
22.6,d_19870601,75.5,64.7,30.2,10.7,0.7,0,1.9,1,0,0,0
20.7,d_19870701,77.2,65.4,19.9,6,0,0,2.1,1.2,0.1,0,0
24,d_19870801,75.1,45.9,10.4,2.7,0,0,0.9,0.2,0,0,0
49.1,d_19870901,50.1,19.7,3.9,2.6,0.9,0,0.8,0.2,0,0,0
65.9,d_19871001,30.7,14,1.8,0.7,0,0,3.4,1,0,0,0
40.5,d_19871101,30.5,19.7,5.3,2,0,0,29.1,17.8,3.5,1.6,0.2
45.2,d_19871201,19.4,8.8,0.4,0,0,0,35.4,23.2,8.5,1.7,0
56.9,d_19880101,8,1.8,0,0,0,0,35.2,22,9.3,2.9,0.1
40.8,d_19880201,34.5,19,3.4,0,0,0,24.6,13.6,1.2,0.1,0
35.1,d_19880301,53.3,40.5,13.6,5.6,0.1,0,11.6,4.2,0.2,0.1,0
30,d_19880401,46.9,30.4,9.5,2.5,0,0,23.1,11.3,1.6,0.2,0
29.8,d_19880501,45.5,27.9,8.2,2.8,0,0,24.6,15.8,2.8,0.3,0
35.1,d_19880601,39.5,20.1,5.6,0.5,0,0,25.4,17.4,3.3,0.7,0.1
48,d_19880701,36.7,18.4,4.5,0.2,0,0,15.4,5.8,1,0.3,0.1
49.6,d_19880801,34.3,16.5,2.4,0,0,0,16,7.6,0,0,0
34.8,d_19880901,54.2,41.4,16.2,4.6,0.1,0,11,2.6,0,0,0
26.1,d_19881001,67.4,55.8,43.1,34.2,20.4,0,6.5,0.8,0,0,0
62,d_19881101,29.6,8.8,0.5,0.1,0,0,8.3,1.9,0,0,0
63.1,d_19881201,2.7,0.5,0,0,0,0,34.2,11.1,0.5,0,0
53.1,d_19890101,44.2,14.4,0.1,0,0,0,2.8,0.5,0,0,0
29.8,d_19890201,69.9,43.6,7.6,1.8,0,0,0.3,0,0,0,0
44,d_19890301,55.5,31.9,5.7,0.7,0.1,0,0.5,0,0,0,0
40,d_19890401,59.7,43.3,9.3,1.9,0.2,0,0.4,0,0,0,0
28.2,d_19890501,71.4,57.2,16.7,5.9,0.7,0,0.4,0,0,0,0
30.7,d_19890601,69.1,52.5,14.3,4.3,1.5,0,0.2,0,0,0,0
34.2,d_19890701,64,43.1,11.1,2.8,1.5,0,1.9,0,0,0,0
24.7,d_19890801,74.9,47,8.1,1.9,1.1,0,0.3,0.2,0,0,0
33.8,d_19890901,61.8,39.5,8.8,2.6,0.7,0,4.4,0.7,0,0,0
29,d_19891001,43.1,31.3,19.4,14.6,8.4,0,27.9,16.7,2.4,0.1,0
17.5,d_19891101,46.8,41.3,30.7,21.5,11.3,0,35.8,25.9,7.3,1.2,0
10.9,d_19891201,88.6,76.9,50.2,37.6,19,0,0.4,0.2,0,0,0
24,d_19900101,75.4,53.8,19.2,6.8,0.8,0,0.5,0.2,0,0,0
11.5,d_19900201,88.3,64.4,24.4,14.1,3,0,0.2,0,0,0,0
3.8,d_19900301,96.1,86.8,41.9,22.2,7.5,0,0.1,0,0,0,0
4.4,d_19900401,95.6,86.4,50.3,22.5,6.6,0,0,0,0,0,0
9.4,d_19900501,90.6,68.2,33.2,21.8,8.3,0,0,0,0,0,0
3.6,d_19900601,96.4,87.5,39.1,23.1,6.3,0,0,0,0,0,0
4.8,d_19900701,95.1,86.8,43,19.3,4,0,0,0,0,0,0
10.7,d_19900801,89.3,70.7,23.4,6.7,1.5,0,0,0,0,0,0
59,d_19900901,38.3,13.6,0.3,0,0,0,2.6,1.4,0,0,0
39.3,d_19901001,59,32.1,5.8,1.6,0,0,1.7,0.3,0,0,0
18.6,d_19901101,78.9,62.3,23.8,10.5,2.5,0,2.6,1,0,0,0
15.6,d_19901201,82.9,71.9,31,10.8,1,0,1.5,0.3,0,0,0
10.5,d_19910101,86.8,82.9,59.5,37,5.7,0,2.6,0.8,0,0,0
13.8,d_19910201,84,77.7,67.5,63,47,0,2.2,0.2,0,0,0
41.9,d_19910301,38.2,26.9,8.2,2.4,0,0,19.8,4.3,0,0,0
47.4,d_19910401,42,30.1,8.9,2.8,0,0,10.6,1.9,0,0,0
49.9,d_19910501,41.8,31.1,9.7,3.6,0.1,0,8.3,1.6,0,0,0
51.4,d_19910601,41.1,28.9,8.9,3,0.1,0,7.5,0.1,0,0,0
50.9,d_19910701,35.7,20.6,6.6,1.4,0.1,0,13.5,1.7,0,0,0
61.5,d_19910801,20.6,9.5,1.1,0.1,0,0,17.9,2.2,0,0,0
50.2,d_19910901,6.2,1.8,0,0,0,0,43.5,21.4,0.9,0,0
16,d_19911001,0.4,0.1,0,0,0,0,83.4,68.6,10.5,0.5,0
15.6,d_19911101,0.5,0,0,0,0,0,83.9,68.6,27.5,8.8,0.1
33,d_19911201,64.3,40.9,9.7,2.4,0,0,2.6,1.1,0,0,0
38.9,d_19920101,58.5,46.7,15.4,6.5,0.5,0,2.6,0.9,0,0,0
32.9,d_19920201,32.7,20.5,11.8,6.7,2,0,34.4,22.7,1.2,0,0
27.3,d_19920301,31.9,23.6,12.7,8.4,2.4,0,40.7,32.7,20.9,9.9,0.6
30.5,d_19920401,34.1,25.2,13.3,8.4,3.3,0,35.1,28.4,18.4,10.5,0.1
28.1,d_19920501,37.8,29.3,18.7,11.3,5.8,0,34.2,28.5,21.2,14.9,1
30.8,d_19920601,35,25,12.6,6.6,1.7,0,34.2,28.5,20.9,13,0.5
27.9,d_19920701,36.6,26.3,14.9,6,1,0,35.5,29.5,22.1,15.5,1.7
30.2,d_19920801,28.6,22.2,11.8,5.6,1.5,0,41.2,32.5,23,15.8,3.8
36.7,d_19920901,23.9,17.9,8,4.3,2.1,0,39.3,30.6,19.4,11,2
24.6,d_19921001,8.7,3.2,0.6,0,0,0,66.7,47.9,28,21.1,8.6
28.5,d_19921101,43,27.3,3.8,0.4,0,0,28.5,21.1,8.9,4.7,1.2
68.4,d_19921201,5.1,1.1,0,0,0,0,26.4,11.3,3.1,0.8,0
8.6,d_19930101,0,0,0,0,0,0,91.4,80.2,38.3,24.3,14.2
6.2,d_19930201,0,0,0,0,0,0,93.9,88.2,66.8,42.7,23.1
8.2,d_19930301,0,0,0,0,0,0,91.8,84.6,58.6,36.9,15.8
7.1,d_19930401,0,0,0,0,0,0,92.9,83.7,44,31.6,11.4
1.8,d_19930501,0,0,0,0,0,0,98.2,85,46.3,32.2,13.5
0.3,d_19930601,0,0,0,0,0,0,99.6,92.8,54.8,35.6,20.9
1.2,d_19930701,0,0,0,0,0,0,98.8,85,47.9,34.3,18
0.1,d_19930801,0,0,0,0,0,0,99.9,97.7,70.7,46,19.9
3,d_19930901,0,0,0,0,0,0,97.1,88.1,51.1,24,2.8
40.2,d_19931001,1.4,0.1,0,0,0,0,58.3,24.4,1.2,0,0
58.1,d_19931101,35.5,25,12.4,8.6,3.3,0,6.4,1.9,0,0,0
38,d_19931201,60.9,48.7,22.2,13.6,6.7,0,1,0,0,0,0
22.5,d_19940101,77.5,51.5,24.4,16.9,8.3,0,0,0,0,0,0
32.1,d_19940201,67.9,41.1,16.2,7.1,1.6,0,0,0,0,0,0
14.2,d_19940301,85.9,71.9,31.7,15.1,1.9,0,0,0,0,0,0
16.3,d_19940401,83.8,66.9,26.1,10.1,0.8,0,0,0,0,0,0
24.1,d_19940501,75.9,56.7,20.3,6.5,0.1,0,0,0,0,0,0
26.9,d_19940601,73.1,52.7,16.5,5,0,0,0,0,0,0,0
28.2,d_19940701,71.6,52.5,17.1,4.9,0.2,0,0.1,0,0,0,0
30.3,d_19940801,69.8,50.8,13.2,2.1,0.3,0,0,0,0,0,0
43.2,d_19940901,56.8,40.1,10.4,2.1,0,0,0.1,0,0,0,0
52.3,d_19941001,42.4,29.2,8.6,4.9,0.6,0,5.3,0.1,0,0,0
56.5,d_19941101,34.7,19.9,6.9,2.9,1,0,8.7,1.9,0,0,0
61.8,d_19941201,22.1,10,1.6,0.1,0,0,16.2,6.5,0.7,0,0
2,d_19950101,0,0,0,0,0,0,98,92.6,56.6,29.4,8.2
13.5,d_19950201,0,0,0,0,0,0,86.5,61,13.8,4,0
0.4,d_19950301,0,0,0,0,0,0,99.6,93.8,68.3,43,14.7
0.1,d_19950401,0,0,0,0,0,0,99.9,97.6,72.9,48.5,13
0,d_19950501,0,0,0,0,0,0,100.1,98.5,79.3,56,22.9
0,d_19950601,0,0,0,0,0,0,100.1,99.1,84.6,61.6,26.3
0,d_19950701,0,0,0,0,0,0,99.9,99.5,89.2,67.9,34.3
0,d_19950801,0,0,0,0,0,0,100,99.3,81.3,63,24.8
2.3,d_19950901,0,0,0,0,0,0,97.7,91.6,80.9,74.4,44
13.8,d_19951001,11.3,5.6,1,0,0,0,74.7,61,24.2,7.1,1.8
7.9,d_19951101,15.5,11.6,4.4,1.8,0.3,0,76.7,70.6,40.1,18.1,3.8
38,d_19951201,36.6,28.4,19,10.2,3.7,0,25.3,11.3,5.3,1.7,0.3
39.2,d_19960101,35,29.5,21.8,18,10.8,0,25.8,10.9,2.4,0.3,0
34.5,d_19960201,24.8,20.6,15.6,11.8,5.8,0,40.8,19.3,4.4,0.8,0
45.4,d_19960301,28.9,22.7,16.8,12.4,5.7,0,25.6,9,0.9,0.2,0
42.2,d_19960401,30,25.1,16.6,11.6,5.2,0,27.8,11.2,0.6,0,0
28,d_19960501,30.9,26.3,14.6,8.6,1.9,0,41.1,22.9,3.5,0.4,0
26.9,d_19960601,30.4,25,14,7.5,1.6,0,42.8,24.8,4,0.8,0
22.2,d_19960701,28.5,22.3,12.3,5.4,0.2,0,49.3,36.9,8.1,2.4,0
18.2,d_19960801,24.6,19.3,10.7,5.9,0.9,0,57.2,48.7,27.5,10.5,1.9
21.2,d_19960901,22.3,17.4,4.2,0.7,0,0,56.4,41.2,10.3,2.1,0
18.1,d_19961001,16.2,9.1,1.9,0.3,0,0,65.7,49.2,7.2,1.4,0
33.6,d_19961101,18.1,9.6,3.1,0.8,0,0,48.2,26.9,4.3,0.3,0
14.9,d_19961201,14.5,7.6,3.2,1,0,0,70.5,68.1,57.8,43.7,19.1
16.7,d_19970101,8.4,3.4,0.2,0,0,0,74.9,71.7,63.6,52.1,29.2
12.8,d_19970201,18.5,10.3,1.1,0.2,0,0,68.9,59.2,31.1,18.8,2.2
18.2,d_19970301,24,17.7,4.3,0.6,0.1,0,57.8,41.5,12.9,0.7,0
24.3,d_19970401,26,19.7,4.4,1,0,0,49.7,30.4,4.6,0.2,0
29.5,d_19970501,25.2,14.9,3,0.6,0,0,45.4,24.3,2.4,0,0
25.5,d_19970601,24.5,11.4,1.5,0.2,0,0,50,28.6,5,0.2,0
33.1,d_19970701,22.5,11.6,1.3,0.4,0,0,44.3,26.4,5.5,0.2,0
31.7,d_19970801,30.1,20.2,7.7,2.1,0.2,0,38.2,23.2,4.8,0.5,0
65,d_19970901,28.2,10.3,0.1,0,0,0,6.8,1.3,0,0,0
23.3,d_19971001,74.3,65.2,52.2,44.9,33.2,0,2.4,0.2,0,0,0
51.3,d_19971101,37.1,25.4,7.2,3.4,0.6,0,11.4,2.8,0,0,0
54.8,d_19971201,8.4,2.8,0,0,0,0,36.8,18.4,2.2,0.3,0
30.4,d_19980101,0.4,0,0,0,0,0,69.2,44.3,7.1,0.5,0
1.1,d_19980201,0,0,0,0,0,0,98.7,95.9,77.1,59.9,35
1.6,d_19980301,0,0,0,0,0,0,98.4,95.1,77.5,59.8,31.3
2.8,d_19980401,0,0,0,0,0,0,97.3,92.4,75.4,56.8,29.2
0.7,d_19980501,0,0,0,0,0,0,99.4,96.5,84.5,72.1,44.8
0.8,d_19980601,0,0,0,0,0,0,99.2,95.7,78.9,63.6,41.7
0.5,d_19980701,0,0,0,0,0,0,99.6,96.1,84.8,70.1,47.7
0.6,d_19980801,0,0,0,0,0,0,99.5,97.1,84.6,68,39.3
0.9,d_19980901,0,0,0,0,0,0,99.1,96.9,92.7,82.8,56.1
0.4,d_19981001,0,0,0,0,0,0,99.6,97.5,91.4,83.3,59.7
12,d_19981101,0.5,0.2,0,0,0,0,87.4,75.6,38.6,24.2,11.1
42.5,d_19981201,6,3.6,0.8,0,0,0,51.6,31.3,11.7,7.7,4.2
54,d_19990101,11.5,6.5,3.1,1.3,0,0,34.4,18.9,10.1,6.2,1.9
40.1,d_19990201,33.5,25.9,8.3,2.5,0.1,0,26.3,15.8,5,1.5,0
38.8,d_19990301,43.3,34,14.5,6.7,1.6,0,17.9,8.6,0.5,0,0
47.4,d_19990401,37.5,22.4,3.6,0.6,0,0,15.1,5.3,0,0,0
47.7,d_19990501,41.4,26,5.9,1.7,0.3,0,10.9,3.8,0,0,0
43.8,d_19990601,48.1,35.9,9.7,2.5,0.6,0,8,3,0,0,0
54.2,d_19990701,35.9,19,2.1,0.4,0,0,10,3.5,0,0,0
56.3,d_19990801,43.3,19.9,3.3,0.6,0,0,0.4,0,0,0,0
76.3,d_19990901,16,5.8,0.7,0.1,0,0,7.7,0.8,0,0,0
62.9,d_19991001,26.4,15.8,1.4,0.2,0.1,0,10.6,2.9,0,0,0
46.3,d_19991101,50.9,34.7,7.4,1.9,0.5,0,2.8,0.8,0,0,0
19.9,d_19991201,78.5,69.7,31.6,10.9,2,0,1.6,0.1,0,0,0
29.7,d_20000101,70.1,45.5,25.1,13.5,5.4,0,0,0,0,0,0
58.9,d_20000201,27.1,14,1.6,0.3,0,0,14,3.8,0,0,0
65.6,d_20000301,29.2,14.9,1.8,0.2,0,0,5.1,0.3,0,0,0
59.7,d_20000401,34.4,26.2,11,2.8,0.4,0,5.9,0.4,0,0,0
58.1,d_20000501,35.7,27.4,9.9,1.8,0,0,6.1,0.4,0,0,0
56.6,d_20000601,35.1,27,14.2,7.4,0.4,0,8.3,0.9,0,0,0
52.3,d_20000701,33.7,26.1,14.7,8.6,2.3,0,14,2.8,0,0,0
60.1,d_20000801,23,13.8,3.4,1.2,0,0,16.9,3.4,0,0,0
38.7,d_20000901,12.9,6.4,2.1,0.4,0,0,48.4,29.7,4.6,0.1,0
43.2,d_20001001,4.4,1.3,0,0,0,0,52.2,38.5,13.9,2.1,0
53.9,d_20001101,42.5,24.3,3.4,0.8,0,0,3.6,0.2,0,0,0
21.8,d_20001201,77.9,55.4,21.2,8.7,3,0,0.3,0,0,0,0
44.8,d_20010101,54.5,36,15.1,6.7,1.4,0,0.6,0,0,0,0
54.1,d_20010201,33.1,24.5,13.9,9.2,3.7,0,12.9,1.9,0,0,0
48.4,d_20010301,40.7,30.5,16.7,9,3.4,0,10.9,1.4,0,0,0
49.9,d_20010401,35.6,26.1,14,5.6,2.6,0,14.5,2.8,0,0,0
50.7,d_20010501,41.5,30.6,18.8,10.3,3.3,0,7.8,0.8,0,0,0
46.9,d_20010601,41.1,30.7,18.6,12.1,3.4,0,11.9,1,0,0,0
36.6,d_20010701,50.9,38.4,22.8,16.4,6.9,0,12.6,1.6,0,0,0
43.1,d_20010801,41.3,29.9,18.3,12.7,6.2,0,15.7,3.1,0,0,0
42.5,d_20010901,24.6,19.2,10.9,7.1,2.7,0,32.9,15.6,0.1,0,0
56.3,d_20011001,25.1,17.4,8.6,5.2,2.1,0,18.8,6.5,0,0,0
58,d_20011101,30,17,2.9,0.2,0,0,12,5.4,0.2,0,0
32.6,d_20011201,25,19.1,8,4.3,1.6,0,42.4,26.9,1.7,0.1,0
44,d_20020101,40.8,33,19.2,13.7,4.9,0,15.1,4.4,0,0,0
43.1,d_20020201,50.3,43.2,29.7,20.6,12.9,0,6.6,0.1,0,0,0
46.4,d_20020301,53.3,46.1,35.6,26.7,15.3,0,0.3,0,0,0,0
41.4,d_20020401,58.6,48.7,39.9,35.5,24.9,0,0.1,0,0,0,0
39.2,d_20020501,60.6,50.5,42,36.9,27.5,0,0.1,0,0,0,0
38.4,d_20020601,61.4,49.9,41.2,35.4,25.7,0,0.1,0,0,0,0
42.5,d_20020701,57.3,47.6,40.5,35.8,26.2,0,0.1,0,0,0,0
23.3,d_20020801,76.6,60,45.4,42.8,37,0,0,0,0,0,0
0,d_20020901,100,98.6,77.2,50.9,35.3,0,0,0,0,0,0
0,d_20021001,100,99.5,90.2,69.6,38.8,0,0,0,0,0,0
22,d_20021101,77.3,60.6,37.6,18.1,4.3,0,0.7,0.1,0,0,0
30.2,d_20021201,26.5,21.7,8.9,4.2,1.6,0,43.2,26.5,4.2,0,0
40.2,d_20030101,35.6,28.7,16.3,8.9,3.6,0,24.2,10.7,0,0,0
73.8,d_20030201,16.3,4.3,2.2,1.5,0.3,0,9.8,0.1,0,0,0
73.4,d_20030301,18.9,4.6,0.3,0,0,0,7.8,0.5,0,0,0
76.4,d_20030401,2.3,0.1,0,0,0,0,21.3,10.3,0.2,0,0
73.4,d_20030501,0.3,0,0,0,0,0,26.4,10.4,0.1,0,0
70.4,d_20030601,0.3,0,0,0,0,0,29.3,10.5,0.1,0,0
57.5,d_20030701,0.1,0,0,0,0,0,42.4,19.3,2.3,0,0
60.1,d_20030801,0.9,0,0,0,0,0,39,20.7,6,1.3,0
64.5,d_20030901,21.3,6,0,0,0,0,14.1,3.7,0,0,0
62.9,d_20031001,6.9,0.5,0,0,0,0,30.2,16.4,0.9,0,0
66.7,d_20031101,3.7,0.9,0,0,0,0,29.6,9.7,1.5,0,0
30.4,d_20031201,4.4,1.9,0.5,0,0,0,65.1,41,5.9,1.6,0
70.5,d_20040101,24.1,11.1,3.3,0.7,0,0,5.3,2.2,0,0,0
70,d_20040201,5.5,1.1,0,0,0,0,24.4,9.6,0.2,0,0
66.2,d_20040301,19.7,5.4,0,0,0,0,14.1,4.1,0,0,0
52.4,d_20040401,34.4,13.7,0.2,0,0,0,13.2,3.2,0.3,0,0
50,d_20040501,44,26.9,1.2,0,0,0,6,0.2,0,0,0
47.7,d_20040601,42.9,24.4,0.9,0,0,0,9.5,0.3,0,0,0
50.4,d_20040701,35,14.9,0.1,0,0,0,14.6,1,0,0,0
61.5,d_20040801,32.3,12.7,0.5,0,0,0,6.2,0.8,0,0,0
41.1,d_20040901,56.2,31.2,1.9,0,0,0,2.6,0,0,0,0
66.3,d_20041001,0.3,0,0,0,0,0,33.5,16.5,4.2,0.2,0
40.1,d_20041101,39.3,25.1,5.2,1.2,0,0,20.5,14.7,2.9,0.7,0
33.8,d_20041201,4.3,0,0,0,0,0,61.9,48.7,24.3,11.2,1.9
22.9,d_20050101,4.5,1.3,0,0,0,0,72.6,65.5,48.1,34.8,17.4
17,d_20050201,12.5,5.7,0.6,0,0,0,70.5,64.2,51.4,42.8,30
20.6,d_20050301,7.5,2.5,0,0,0,0,71.8,66.9,51.2,40.3,23.3
25.5,d_20050401,3.3,0.4,0,0,0,0,71.3,65.3,49.1,38.6,23.7
20.2,d_20050501,0.6,0,0,0,0,0,79.1,70.6,54.8,43.6,26.2
16.7,d_20050601,0.2,0,0,0,0,0,83.1,72.4,55.7,44.7,27.5
25.5,d_20050701,0.7,0,0,0,0,0,73.7,62.9,42.1,31.2,18.8
20.3,d_20050801,0.3,0,0,0,0,0,79.3,66.9,44.1,31.2,17.2
27.4,d_20050901,1,0,0,0,0,0,71.5,59.1,34.4,24.6,5.4
31.2,d_20051001,0.8,0.3,0,0,0,0,68.1,38.8,25.2,15.1,3.1
48.1,d_20051101,2.7,0.3,0,0,0,0,49.3,29.1,4.7,0.6,0
37.6,d_20051201,6,2.3,0.2,0,0,0,56.2,45.3,35.5,26.7,7.6
31.8,d_20060101,10,5,1.6,0.7,0.3,0,58.4,48.2,28.2,14.9,2.9
39.1,d_20060201,18.8,7.2,1.8,0.6,0,0,42.1,30.3,6.4,2.1,0.4
36.3,d_20060301,14.1,6.2,0.9,0,0,0,49.6,39.4,15.5,2.3,0.3
24.4,d_20060401,13.8,8.5,1.1,0,0,0,61.9,50.9,31.6,12.5,0.3
20,d_20060501,17.7,12.9,5.9,2.1,0,0,62.3,50.5,29.8,9.2,0.1
19.7,d_20060601,19.5,13.7,6.4,2.1,0.2,0,61,49.1,29.2,9.1,0.1
13.3,d_20060701,25.8,21.1,14.9,12.7,9.2,0,61,52.6,34.7,14,0.3
14.6,d_20060801,23.4,18.1,13.6,11.3,7.7,0,62.1,56,38.2,20.8,0.6
28.6,d_20060901,16.8,13.6,10.4,7.5,1.6,0,54.7,35.8,2.8,0.4,0
34.1,d_20061001,18,12.6,5.7,1.7,0,0,48,28.1,1.3,0.1,0
30.7,d_20061101,17.1,11.4,4.7,1.4,0,0,52.2,41.2,12,1.1,0
55.9,d_20061201,30.9,20.1,9.7,6.1,2,0,13.1,1.9,0,0,0
4.9,d_20070101,95.1,88.9,53.9,30.3,12.4,0,0,0,0,0,0
9.1,d_20070201,90.8,75.5,40.6,22.3,11.9,0,0,0,0,0,0
4.8,d_20070301,95.1,91.3,63.7,40,19.2,0,0,0,0,0,0
5,d_20070401,95,91.1,61.4,43.4,23.1,0,0,0,0,0,0
3.7,d_20070501,96.4,93.9,67.5,46.6,27.4,0,0,0,0,0,0
3.9,d_20070601,96.1,93.5,64.3,45.7,24.8,0,0,0,0,0,0
5.5,d_20070701,94.5,88.1,58.9,46.8,33,0,0,0,0,0,0
3.9,d_20070801,96.2,90.4,56.1,37,21.3,0,0,0,0,0,0
3,d_20070901,97,90.8,40,14.9,5.7,0,0,0,0,0,0
37.6,d_20071001,61.3,44.6,18.9,9.4,4,0,1.2,0.1,0,0,0
11.4,d_20071101,87.6,80.7,60.5,37.1,13.2,0,0.9,0,0,0,0
33.4,d_20071201,63.1,39.1,8.5,2.9,0.5,0,3.4,0.1,0,0,0
68.6,d_20080101,4.7,2.4,0.3,0,0,0,26.6,8.8,0.2,0,0
78.7,d_20080201,5,2.1,0,0,0,0,16.3,2,0,0,0
73.1,d_20080301,25.7,6.3,1.2,0.4,0,0,1.2,0.1,0,0,0
55.7,d_20080401,43.7,17.2,2,1.2,0,0,0.6,0,0,0,0
51.3,d_20080501,48,21.7,2.7,1.6,0.6,0,0.8,0,0,0,0
46.9,d_20080601,52.9,26.6,2.9,1.6,0.7,0,0.1,0,0,0,0
42.7,d_20080701,55.8,30.6,3.8,1.7,0.8,0,1.5,0,0,0,0
58.4,d_20080801,38.7,14.5,2.3,0.9,0,0,2.9,0,0,0,0
58.2,d_20080901,40.6,21,4,1,0,0,1.3,0,0,0,0
2.9,d_20081001,97.1,95,79.8,56.3,20.7,0,0,0,0,0,0
9.4,d_20081101,88.9,83.1,69.2,56.8,29.9,0,1.7,0.5,0,0,0
23,d_20081201,64.5,54.4,21.4,5.6,0.9,0,12.7,6.4,0.3,0,0
28.3,d_20090101,66.8,50.9,26.8,15.6,2.1,0,4.9,1.3,0,0,0
49.1,d_20090201,44.9,24.9,11,5,2,0,5.8,2.1,0,0,0
39.3,d_20090301,58,30.4,8.2,1.7,0,0,2.5,0.1,0,0,0
28.4,d_20090401,70.8,42,11.3,2.8,0.1,0,0.7,0.1,0,0,0
32.9,d_20090501,66.9,41.6,8.3,1.9,0.1,0,0.2,0,0,0,0
44.3,d_20090601,55.5,27.1,2.5,0,0,0,0.3,0,0,0,0
50.6,d_20090701,48.8,20.9,1.4,0,0,0,0.5,0,0,0,0
37.9,d_20090801,62.1,30.8,1.7,0,0,0,0,0,0,0,0
31.6,d_20090901,68.4,42.2,16,7.5,1.3,0,0,0,0,0,0
53.9,d_20091001,29.6,21.2,10.1,5.4,1.3,0,16.5,6.9,0.1,0,0
37.6,d_20091101,62.2,47.7,36.9,33,27.8,0,0.3,0,0,0,0
52.2,d_20091201,46.4,29.4,11.9,5.8,1.6,0,1.5,0.2,0,0,0
46.9,d_20100101,5.4,0.8,0,0,0,0,47.6,21.7,1.6,0,0
37.8,d_20100201,9,4.8,0.1,0,0,0,53.2,30.4,1.1,0,0
58.2,d_20100301,12.1,6.5,2.3,0.3,0,0,29.7,8,0.1,0,0
46.4,d_20100401,5.9,3.6,0.1,0,0,0,47.7,16.9,0.3,0,0
46.7,d_20100501,5.8,3.3,0.1,0,0,0,47.4,20.3,1.1,0,0
44.7,d_20100601,4.8,1.2,0,0,0,0,50.5,23.2,2.8,0,0
56.4,d_20100701,4.7,1.3,0,0,0,0,38.9,19.5,4.8,0.1,0
38.4,d_20100801,3.5,0.5,0,0,0,0,58.1,28.1,4.2,0.3,0
36.8,d_20100901,3,0.3,0,0,0,0,60.2,29.6,3.2,1.3,0
52.8,d_20101001,4.6,1.1,0,0,0,0,42.7,20.7,1.5,0,0
38.3,d_20101101,15.8,9.1,2.6,0.8,0,0,46,26.1,5.8,0.4,0
6.8,d_20101201,1.3,0.3,0,0,0,0,91.9,87.1,65.9,46.2,26.5
41.3,d_20110101,2.5,1.3,0,0,0,0,56.2,44.6,17.2,4.9,0.2
45.9,d_20110201,0.3,0,0,0,0,0,53.9,38.1,7.4,0.9,0
24.4,d_20110301,1.6,0,0,0,0,0,74.1,54.9,22.4,6.2,0
26.8,d_20110401,0.2,0,0,0,0,0,73,46,13.4,1.1,0
22.9,d_20110501,0,0,0,0,0,0,77.1,52,16.8,3.1,0
16.2,d_20110601,0,0,0,0,0,0,83.8,60.4,21.4,7.9,0
29.3,d_20110701,0.8,0,0,0,0,0,69.9,44.4,13.3,1.8,0
23.7,d_20110801,0.4,0.2,0,0,0,0,75.9,47,8.3,1.1,0
71,d_20110901,12.6,2.9,0,0,0,0,16.3,2.2,0,0,0
38.7,d_20111001,2.5,0.1,0,0,0,0,58.8,40.5,7.1,0.8,0
32.6,d_20111101,4.3,1,0,0,0,0,63.1,44,3.3,0.1,0
30.1,d_20111201,68.1,39.8,4.4,0.9,0.1,0,1.8,0,0,0,0
31.7,d_20120101,68.3,32.3,6.1,2.2,0.6,0,0,0,0,0,0
10.6,d_20120201,89.4,79.7,43.4,17.9,4,0,0,0,0,0,0
11.7,d_20120301,88.3,67.9,22.2,7.5,0.8,0,0,0,0,0,0
18.1,d_20120401,82,46,10.5,3.8,0,0,0,0,0,0,0
13.4,d_20120501,86.8,56.5,16.5,8.3,3.1,0,0,0,0,0,0
12.6,d_20120601,87.4,57.1,18.8,9.2,3.2,0,0,0,0,0,0
16.7,d_20120701,83.1,59.8,17.7,9,2.9,0,0.2,0,0,0,0
23.3,d_20120801,75.2,55,12.3,3.2,0.1,0,1.5,0,0,0,0
56.1,d_20120901,40.1,17.7,1.4,0,0,0,3.7,0.6,0,0,0
64.4,d_20121001,26.2,14.2,4.5,1.8,0.1,0,9.3,2.8,0,0,0
42.5,d_20121101,13.1,8.3,1.8,0.6,0,0,44.3,32.5,7.7,1.6,0
35.4,d_20121201,6.7,3.7,0.9,0.3,0,0,57.8,42.9,11.4,2.2,0
59.5,d_20130101,26.8,15,4.9,2.7,0.7,0,13.6,8.1,1.1,0,0
45.8,d_20130201,46.4,28.7,10.9,5.6,2.7,0,7.8,3,0,0,0
23.9,d_20130301,70.4,46.6,17.5,8,3.6,0,5.7,1,0,0,0
21,d_20130401,78.8,52.7,28.4,14,5.1,0,0.3,0,0,0,0
17.1,d_20130501,82.9,57.7,35.2,22.3,8.3,0,0,0,0,0,0
24.2,d_20130601,75.8,52.6,34.9,20.7,7.6,0,0.1,0,0,0,0
25.9,d_20130701,74.1,52.3,28.6,12.9,3.7,0,0,0,0,0,0
15.5,d_20130801,82.9,68,25.8,7.3,1,0,1.7,0.2,0,0,0
13.7,d_20130901,84.4,78,67,55.5,33.3,0,2,0,0,0,0
13.6,d_20131001,85.7,79.8,66.4,51.8,24.2,0,0.7,0,0,0,0
15,d_20131101,75.5,70.3,53.9,33.1,14.7,0,9.4,4.9,0.7,0,0
15.4,d_20131201,77.4,72.9,62.7,55.3,40.2,0,7.2,2.4,0,0,0
15.2,d_20140101,82.9,78.4,70.3,61.7,52.2,0,2,0.4,0,0,0
13,d_20140201,86.4,80.5,63.8,46.1,19,0,0.5,0,0,0,0
12.9,d_20140301,86.9,79.1,50.5,31.3,12.8,0,0.2,0,0,0,0
8.8,d_20140401,91.1,84.3,55.1,31.7,11.9,0,0,0,0,0,0
1.2,d_20140501,98.8,93,66.2,43.8,17.8,0,0,0,0,0,0
0.1,d_20140601,99.9,98.7,78.2,48.5,21,0,0,0,0,0,0
1.5,d_20140701,98.6,92.6,62.2,37.2,16.2,0,0,0,0,0,0
5.4,d_20140801,94.5,86.2,46.9,23.5,6.5,0,0.1,0,0,0,0
33.6,d_20140901,64.3,39.8,10.8,2.7,0.8,0,2,0.9,0,0,0
52,d_20141001,32.5,16.6,2.6,0.9,0,0,15.4,4.9,0.6,0,0
46.1,d_20141101,47.9,25.8,7.7,1.8,0.1,0,6,3.2,1.1,0.2,0
59.9,d_20141201,7,2.5,0.2,0,0,0,33.1,17.9,7.5,1.2,0
64.8,d_20150101,24.2,12,3.8,1,0,0,11,3.3,1.6,0.3,0
61.8,d_20150201,32.3,16.8,4.6,1.9,0,0,5.9,2.4,0.4,0,0
42.5,d_20150301,53.1,33.7,11.8,7.2,2.3,0,4.4,2.4,0.9,0,0
38.6,d_20150401,58.1,39.9,15.7,8,3.1,0,3.4,2.2,0.4,0,0
38,d_20150501,60.7,42.7,14.4,6.2,2.3,0,1.3,0.5,0,0,0
35.6,d_20150601,63.9,41.6,13,5.5,2,0,0.6,0,0,0,0
44.7,d_20150701,50.4,29.5,8.1,2.6,0.7,0,4.9,1.5,0,0,0
48.2,d_20150801,47.2,25.5,6.4,2.4,0.3,0,4.6,1.1,0,0,0
28.6,d_20150901,70.3,64.1,47.7,38.8,15.6,0,1.1,0.1,0,0,0
32.9,d_20151001,58.5,47,19.7,7.2,1,0,8.5,1.7,0,0,0
36,d_20151101,51.2,39.5,28.9,21.6,8,0,12.6,5.8,0.2,0,0
58.5,d_20151201,18.2,8.2,1.4,0.5,0,0,23.2,8.8,1.2,0.2,0
44.6,d_20160101,0.5,0,0,0,0,0,54.9,27.2,3.7,0.6,0
73.4,d_20160201,12.3,2.7,0,0,0,0,14.2,2.9,0.1,0,0
54.8,d_20160301,13.3,4.4,0,0,0,0,31.9,14.3,0.3,0,0
56.2,d_20160401,18.1,6.9,0.1,0,0,0,25.6,8.6,0.2,0,0
61.5,d_20160501,13.2,5.5,0.4,0,0,0,25.3,8.3,0.1,0,0
57.8,d_20160601,14.7,6.3,1.4,0.1,0,0,27.6,8.9,0.2,0,0
40,d_20160701,29.1,13.1,1.2,0.1,0,0,30.8,12.7,0.4,0,0
40.4,d_20160801,27.3,11.5,0.2,0,0,0,32.4,18.7,2.9,0.5,0
64.2,d_20160901,12.2,2.7,0,0,0,0,23.7,6.7,0,0,0
37.8,d_20161001,31.2,17.1,3.8,0.3,0,0,30.9,17.4,1.5,0.3,0
35.4,d_20161101,20.4,8.1,0.4,0.1,0,0,44.1,39.1,18.4,4.1,0
40.8,d_20161201,2.5,0.6,0,0,0,0,56.7,23.6,0.7,0,0
3.7,d_20170101,0,0,0,0,0,0,96.3,87.8,50.6,20.8,3.4
0.9,d_20170201,0,0,0,0,0,0,99.1,93.1,68.7,51.8,18.6
5.5,d_20170301,0,0,0,0,0,0,94.6,77.1,53.9,33.7,12.5
6.5,d_20170401,0,0,0,0,0,0,93.5,75,52.3,36.1,16.4
4.3,d_20170501,0,0,0,0,0,0,95.8,81.4,50.4,33.6,14.5
3,d_20170601,0,0,0,0,0,0,97,83,51.5,34.8,15.2
4.3,d_20170701,0,0,0,0,0,0,95.7,80.3,39.7,20,6.9
2.5,d_20170801,0,0,0,0,0,0,97.5,83.8,47.4,25,11.8
12.1,d_20170901,0,0,0,0,0,0,88,71.4,47.7,31.4,15.1
39.6,d_20171001,12.2,5.7,3,1.7,0.1,0,48.1,32.3,11.1,4.6,1.1
34.3,d_20171101,51.2,42.4,28.7,21.6,14.4,0,14.5,7.1,0.9,0.1,0
23.7,d_20171201,74.5,60.5,41.1,30.9,20,0,1.9,0.2,0,0,0
10.1,d_20180101,89.9,71.1,31.6,14.6,2.3,0,0,0,0,0,0
1.2,d_20180201,98.9,91.7,68.5,46.8,23.3,0,0,0,0,0,0
14.1,d_20180301,85.7,66.9,23.9,9.9,0.9,0,0,0,0,0,0
22.7,d_20180401,77.2,61.1,22.5,9.3,1.6,0,0.2,0,0,0,0
19.7,d_20180501,79.5,67.5,26.2,11.8,2.7,0,0.9,0,0,0,0
19.2,d_20180601,80.3,68.4,34,17.8,7.1,0,0.6,0,0,0,0
25.8,d_20180701,73.4,54,21.4,11.1,4.2,0,0.8,0,0,0,0
21.5,d_20180801,78.4,53.1,19.1,7.4,1.9,0,0,0,0,0,0
59.4,d_20180901,39.3,20.9,4.8,1.8,0,0,1.2,0,0,0,0
53.4,d_20181001,43,21.3,5.3,2.4,0.4,0,3.7,1,0,0,0
47.6,d_20181101,13.2,7.8,2.1,0.5,0,0,39.3,25.3,3.6,0,0
61.8,d_20181201,34.3,16.2,4.4,1.9,0.3,0,3.9,0.9,0,0,0
74.6,d_20190101,13.3,5.8,1.6,0.7,0,0,12.1,3.4,0,0,0
31.6,d_20190201,1.2,0,0,0,0,0,67.3,39.5,4.5,0.9,0
23.6,d_20190301,1.4,0.4,0,0,0,0,75,49.8,7.1,2.1,0.5
28.8,d_20190401,1.1,0.1,0,0,0,0,70.1,35.7,2.6,0,0
12.5,d_20190501,0.5,0,0,0,0,0,87.1,63.4,12.1,2.7,0.5
10.2,d_20190601,0.4,0,0,0,0,0,89.3,66.5,13.9,2.7,0.4
9.3,d_20190701,0.2,0,0,0,0,0,90.5,70.3,16.9,3.2,0
13.3,d_20190801,0,0,0,0,0,0,86.8,64.3,15.1,2.5,0
5.9,d_20190901,0,0,0,0,0,0,94.2,79.7,37.2,15.8,1.5
14.3,d_20191001,1,0,0,0,0,0,84.7,63.2,30.4,10.1,0.2
71.4,d_20191101,6.5,2.7,0.3,0,0,0,22,7.7,2.1,0.7,0
49.5,d_20191201,6.2,1.9,0.2,0,0,0,44.3,26.2,2.5,0.2,0
69.7,d_20200101,15,3.9,0,0,0,0,15.3,1.5,0,0,0
29.3,d_20200201,70.8,59.1,38,19.9,3.3,0,0,0,0,0,0
33.4,d_20200301,57.1,48.8,32.3,18,2.4,0,9.5,3.2,0,0,0
24,d_20200401,52.6,46.8,26.6,14.1,2.7,0,23.4,9.1,0.2,0,0
22.9,d_20200501,53.4,45.9,22.7,10.9,0.5,0,23.7,14.4,1.3,0,0
22.3,d_20200601,53.3,48.4,25.5,12.5,1.1,0,24.4,15.9,0.9,0,0
21.8,d_20200701,50.2,43,17.3,5.7,0,0,27.9,19,2,0,0
42.2,d_20200801,45.7,33.5,8.6,1.3,0.2,0,12,2.6,0,0,0
31.2,d_20200901,66.6,51.5,30.3,15.2,5.9,0,2.1,0.1,0,0,0
35.6,d_20201001,56.7,50.8,36.6,27.6,15.9,0,7.7,2.2,0,0,0
36.3,d_20201101,45.4,36.3,21.8,12,2.5,0,18.3,11,2.1,0.5,0
15.9,d_20201201,84,72.7,40.9,24.1,8.3,0,0.2,0,0,0,0
11.2,d_20210101,88.8,75,42.8,27.2,17.5,0,0,0,0,0,0
1.3,d_20210201,98.7,92.6,73.3,54.6,28.2,0,0,0,0,0,0
0.1,d_20210301,99.8,97.8,79.3,60.6,34.8,0,0,0,0,0,0
0,d_20210401,99.9,98.6,86.2,69.6,40.2,0,0,0,0,0,0
0.2,d_20210501,99.8,98.2,91,77.7,50,0,0,0,0,0,0
1,d_20210601,99,97.5,88.5,72.4,42.1,0,0,0,0,0,0
2.9,d_20210701,97.1,91.5,69.1,47.8,20.4,0,0,0,0,0,0
4.2,d_20210801,95.7,88.4,60.2,41.4,9.7,0,0,0,0,0,0
9.3,d_20210901,90.6,76.6,46.2,26.7,2.4,0,0,0,0,0,0
27.4,d_20211001,72.5,55.2,27.3,9.3,1.3,0,0,0,0,0,0
29.9,d_20211101,69.9,54.6,23.1,7.4,1.3,0,0.1,0,0,0,0
54.1,d_20211201,11.2,3.2,0.1,0,0,0,34.7,16.5,2.2,0.1,0
64.3,d_20220101,28.5,13.6,1.3,0,0,0,7.1,0.9,0,0,0
37.2,d_20220201,62.4,33.2,7.9,0.5,0,0,0.4,0.1,0,0,0
